artist,artist_display,played_1_years_ago,played_2_years_ago,played_3_years_ago,total_past_appearances,appearance_rate,consecutive_years,years_since_last,is_insomniac,has_agency,has_residency,producer_rank_score,log_followers,log_streams,log_playlists,log_playlist_reach,log_charts,log_shazams,log_videos,log_views,log_dj_supports,probability,result
armin van buuren,armin van buuren,1,1,1,4,1.0,4,0.0,1,1,1,93.0,17.376556668977415,23.390494043597812,10.950824090522444,20.301671348432752,8.07215530818825,18.20872439438966,14.727793670047236,0.0,11.282266241614357,0.84467,1
hugel,hugel,1,1,1,4,1.0,4,0.0,0,1,0,95.0,15.91964471223448,22.19114018528914,10.635879484421974,20.29861791095053,7.949091499830517,17.61771871970664,15.28798284468299,23.85876005291904,9.820160289946374,0.8103,1
tiësto,tiësto,1,1,1,4,1.0,4,0.0,1,1,0,91.0,17.90148688732258,24.05547034715733,11.759793355371237,21.12873094572124,8.662677858158219,18.95717412031489,16.642824239064897,24.42209562193827,11.35159406537374,0.80264,1
deorro,deorro,1,1,1,4,1.0,4,0.0,0,1,1,0.0,15.799266987061277,22.165467830241003,10.50235152577494,19.893152803606885,7.630461261783627,17.9426449591384,14.04662307257814,22.119510529166995,9.60245002503719,0.79736,1
kaskade,kaskade,1,1,1,4,1.0,4,0.0,0,1,1,0.0,15.981129910564055,22.0765203442465,10.4193305681139,19.991377830149037,7.673223121121708,16.86478364583966,13.498057700804251,21.09482939406855,9.825580063659602,0.78857,1
martin garrix,martin garrix,1,1,1,3,0.75,3,0.0,0,1,1,52.0,18.27101998101236,23.897144295925717,11.226589153242802,20.772056002068226,8.054204897064407,18.450239555902648,15.121137287019383,22.7434880190989,10.942013616092948,0.77384,1
vintage culture,vintage culture,1,1,0,3,0.75,2,0.0,0,1,1,85.0,16.785925074816024,22.314539778956508,10.510559281627843,20.05967746056976,7.590346945602565,16.705882371415992,14.297937324492327,21.44597182023334,10.158168529848494,0.75039,1
bones,bones,1,1,1,4,1.0,4,0.0,1,1,0,0.0,15.08527138372705,22.3719244627261,9.495594499353295,18.151493267225753,6.784457062637643,16.257857680289998,14.04662307257814,22.251493694171888,2.0794415416798357,0.72679,1
dom dolla,dom dolla,1,1,1,4,1.0,4,0.0,0,1,1,0.0,15.252973443188226,21.431301630000107,10.090008612393838,19.74243658660135,7.447751280047908,16.213405921671733,12.577639650232571,21.193269466817146,9.53249633228804,0.72589,1
john summit,john summit,0,1,0,2,0.5,0,1.0,0,1,1,90.0,15.38620784998213,21.534196053607182,10.2328272702548,19.843789080604612,7.323830566202317,16.257857680289998,12.91657092142417,21.316592682776633,10.122663242288953,0.72037,1
fisher,fisher,1,1,1,4,1.0,4,0.0,0,1,1,60.0,9.908524844053396,20.356540558597175,9.367429587218956,19.253589871235295,7.02197642307216,15.19427690455251,11.58989576532275,19.55851374897889,8.705828110266784,0.71618,1
mau p,mau p,1,1,1,3,0.75,3,0.0,0,1,1,92.0,14.11561589115508,20.469663079436152,9.588845298501564,19.535822337850373,7.023758954738443,15.233788207067937,13.269059483669356,20.94640938906062,9.35018926709258,0.70997,1
matroda,matroda,1,1,1,4,1.0,4,0.0,0,1,1,54.0,13.555444949561489,20.036100730052084,9.39274525863144,18.974565862925928,6.634633357861686,14.648420115681892,10.25769445336048,18.985994558684244,9.401043372798052,0.69809,1
trouble,trouble,1,1,1,4,1.0,4,0.0,1,1,0,0.0,13.265599278590988,20.26598098168823,8.37378460812088,18.14755883597252,5.996452088619021,15.12654270412536,11.904974309480185,17.778226696719344,2.3978952727983707,0.69339,1
alesso,alesso,1,1,0,3,0.75,2,0.0,1,1,1,0.0,16.924571561468124,23.182854678835593,11.008760940077243,20.61901581668249,8.10832229017324,18.033546607256465,13.348703414510116,21.38595381053711,10.468829770273569,0.69147,1
excision,excision,1,1,1,4,1.0,4,0.0,0,1,1,0.0,15.656060350091908,21.09482939406855,9.074291527512909,18.31420851056532,7.065613363597717,15.030423599064406,11.571203807011967,20.020068322553165,9.581972891547895,0.68565,1
illenium,illenium,1,1,0,3,0.75,2,0.0,0,1,1,0.0,15.802014241159045,22.909317113796863,10.510559281627843,20.29555512142467,7.836764783264067,16.60667572712668,13.697853639354802,21.421400559017396,9.367429587218956,0.68217,1
dj snake,dj snake,1,1,0,3,0.75,2,0.0,0,1,1,0.0,18.14228873161772,24.28146696744672,11.571203807011967,21.03807657751637,8.458716261657262,19.143386731608224,17.867295523158884,24.10765610032608,10.295563423525277,0.68023,1
fireworks,fireworks,1,1,1,4,1.0,4,0.0,0,0,0,0.0,11.982935344196433,16.231424425551033,5.198497031265826,13.883170141017091,2.5649493574615367,9.055322649709574,4.672828834461906,10.611547975828367,0.0,0.67822,1
zedd,zedd,0,1,1,3,0.75,0,1.0,0,1,1,0.0,17.652810038748207,23.608066549848985,11.225256725762891,20.752824640158828,7.918992488165245,18.430631084706523,15.799266987061277,22.449597501029945,10.081675578048475,0.66527,1
da tweekaz,da tweekaz,1,1,1,4,1.0,4,0.0,0,1,0,0.0,14.452087916136216,21.09482939406855,9.249657234353132,18.078190449090098,6.838405200847344,14.81981253346144,12.682309930111783,20.652843373722828,9.375939552625749,0.66343,1
alok,alok,1,0,1,3,0.75,1,0.0,0,1,1,73.0,18.198786424522982,23.21647128963175,11.11395422597838,20.752824640158828,8.243282523048375,17.949075849365297,16.357112630168974,23.71398556872711,9.711176264112805,0.66089,1
slander,slander,1,1,1,3,0.75,3,0.0,0,1,1,0.0,15.434898999271326,21.831828456797723,9.792611856190192,19.443131675252033,7.519692404116539,15.879838588737607,15.299385474180372,24.57765972955911,9.124346658809207,0.65753,1
dillon francis,dillon francis,0,1,0,2,0.5,0,1.0,0,1,1,0.0,16.840801682303496,22.21392021361577,10.471666571132038,20.09964472090075,7.530479995245536,17.133326366919263,14.75551820708067,23.102811971169174,9.898525260706313,0.65257,1
lil texas,lil texas,1,1,1,4,1.0,4,0.0,1,1,0,0.0,13.034626646500053,19.39524038772408,8.12415060330663,17.10017416082366,6.180016653652572,13.079457964073546,11.03973275601109,19.801962565761276,7.00033446027523,0.65014,1
max styler,max styler,1,1,0,2,0.5,2,0.0,0,1,0,100.0,12.992256969959042,19.850991992881376,9.38437770918244,19.083368722182243,6.810142450115136,15.05966544010744,10.357774570341576,18.86536657162407,9.305741456739437,0.64682,1
eli brown,eli brown,1,1,1,3,0.75,3,0.0,0,1,0,46.0,13.527829818844936,20.18026131653735,9.546884034617923,19.25792827281507,7.15305163493748,15.10749451433816,10.465984899076616,19.17209683735327,9.588845298501564,0.64624,1
odd mob,odd mob,1,1,1,3,0.75,3,0.0,1,1,0,82.0,13.275944180597024,20.21244021484709,9.34145634983372,19.103777593709314,6.52795791762255,14.562198979385784,13.010316110729669,19.48539148439307,9.166910814048848,0.64535,1
sub zero project,sub zero project,1,1,1,4,1.0,4,0.0,0,1,0,0.0,13.684263411604524,20.524814899442084,8.85922139360813,18.09909713361801,6.133398042996649,13.8924725250259,10.463131911491969,19.00846741441004,9.220389707829185,0.64244,1
svdden death,svdden death,1,1,1,4,1.0,4,0.0,1,1,0,0.0,14.33430494661736,19.76354554975589,8.182279739259018,17.928022440508435,6.212606095751519,13.401510631691982,11.021918808236205,18.603002309079653,9.08805973726735,0.6395,1
meduza,meduza,1,0,1,3,0.75,1,0.0,0,1,1,87.0,15.29711532616119,22.677710888593204,10.922352923113982,20.617905322399697,8.235095497258357,17.75709238505144,15.745581788127712,23.48958494623549,9.928228944424577,0.63564,1
argy,argy,1,1,0,2,0.5,2,0.0,0,1,0,89.0,14.357835430184815,20.346388187147884,9.147507062804614,18.832790401401716,7.270312886079025,16.053023760938185,13.096021455450709,20.9055873945737,9.305741456739437,0.63217,1
marc v,marc v,1,1,1,4,1.0,4,0.0,1,1,0,0.0,9.20974019190415,13.347107247525049,2.833213344056216,11.863589378812122,0.0,5.247024072160486,4.859812404361672,9.575052927597383,0.0,0.63088,1
maddix,maddix,1,1,0,2,0.5,2,0.0,0,1,0,33.0,14.425276673063282,20.781534746013783,9.53249633228804,19.11382792951231,6.922643891475888,15.35880888156902,12.926350926565435,21.50716738123144,9.539716058977092,0.62647,1
level up,level up,1,1,1,4,1.0,4,0.0,0,1,0,0.0,13.176853456626,17.931290417219653,7.072421900537371,16.811242881518265,4.948759890378168,10.6782377612977,8.409830673087738,16.275099485238066,6.684611727667927,0.62407,1
jessica audiffred,jessica audiffred,1,1,1,4,1.0,4,0.0,0,1,0,0.0,13.506265669993544,17.8879503018341,7.385230923066573,17.022313842084035,5.318119993844216,11.40979579246376,9.888424674859085,17.9031661488141,6.90875477931522,0.62405,1
lady faith,lady faith,1,1,1,4,1.0,4,0.0,1,1,0,0.0,13.005831808336865,16.24031337217814,6.436150368369428,15.568182811794491,4.343805421853684,10.090008612393838,6.762729506931879,17.265498135541893,6.1463292576688975,0.62256,1
assembly,assembly,1,1,1,4,1.0,4,0.0,1,1,0,0.0,6.517671272912275,9.65509029374725,0.0,0.0,1.0986122886681098,4.007333185232471,0.6931471805599453,7.569927655242652,0.0,0.62194,1
d-sturb,d-sturb,1,1,1,4,1.0,4,0.0,1,1,0,0.0,13.11029282045951,19.82432374586387,8.4071550862073,17.338925601849205,5.968707559985366,13.157732451741689,8.847934753328465,17.335971390039045,8.889997357284841,0.601,1
armnhmr,armnhmr,1,1,1,4,1.0,4,0.0,0,1,0,0.0,13.223115088821102,19.20913810886209,8.048149101665201,17.840862266556567,5.963579343618446,12.52815976788113,9.069122370060644,17.516812556768127,7.177782416195197,0.60032,1
baggi,baggi,1,1,1,4,1.0,4,0.0,1,1,0,0.0,11.951186847493476,18.459901466721032,7.291656209174461,16.388122864507256,4.927253685157205,14.070153551531352,11.01206667357142,17.562658943787092,7.374001859350161,0.59755,1
alison wonderland,alison wonderland,1,1,1,3,0.75,3,0.0,0,1,1,0.0,15.24582180450094,20.61901581668249,9.23024103368252,19.05195252611337,6.561030665896573,14.99108419641044,10.821796246953596,18.909260764906005,8.55333223803211,0.59604,1
adrenalize,adrenalize,1,1,1,4,1.0,4,0.0,0,1,0,0.0,12.669809806411456,18.71335036537787,7.904334842085095,16.54987813231892,5.062595033026967,12.066816325306588,7.610357618312838,16.099931782163637,7.968319500012717,0.59171,1
timmy trumpet,timmy trumpet,0,1,0,2,0.5,0,1.0,0,1,1,0.0,16.231424425551033,22.424370938088817,10.537441898283252,19.893152803606885,7.759614150696903,16.98519618065851,14.05452824583604,22.593528367816493,9.729193687429404,0.58896,1
big gigantic,big gigantic,0,0,0,0,0.0,0,99.0,1,1,0,0.0,14.316286451937186,20.39753569824214,0.0,18.67532297007788,6.26530121273771,14.75551820708067,10.416341118636357,18.072540716627778,6.9930151229329605,0.58576,1
eric prydz,eric prydz,1,1,0,3,0.75,2,0.0,0,1,1,0.0,14.959733676355723,21.825205916039423,10.181157167204905,19.320842097961677,7.534228326274089,17.13694300725865,12.001511614739403,20.659260508036596,9.770013301136158,0.58168,1
adam beyer,adam beyer,0,1,0,2,0.5,0,1.0,0,1,0,74.0,15.145234832146,19.352844828919817,9.025816391627028,18.627694921466773,6.71295620067707,14.508658238524095,10.1145990076265,18.927498352344912,9.588845298501564,0.58082,1
declan james,declan james,0,0,0,0,0.0,0,99.0,1,1,0,0.0,10.094149233605084,15.75855961800502,0.0,16.13789837629371,4.564348191467836,10.896757843893464,0.0,12.791080452981856,5.958424693029782,0.58021,1
diplo,diplo,0,1,0,1,0.25,0,1.0,0,1,1,0.0,17.312018149733785,24.134413549494734,11.80560254159177,21.236089463973876,8.65591111072806,18.778355195217188,15.814284332078,23.51443094482048,10.499600568082863,0.57863,1
james hype,james hype,1,0,1,3,0.75,1,0.0,1,1,0,70.0,15.685773242763466,21.794849453569068,10.382822509210747,20.193936743313653,7.747596838692885,16.806230339945976,13.21767537538882,21.253894088596816,9.898525260706313,0.57507,1
david guetta,david guetta,0,1,1,2,0.5,0,1.0,0,1,1,97.0,18.985994558684244,18.11415559728606,12.037659911047468,21.29424538409712,8.791790024319363,19.70715477255247,16.65458907995242,24.619159460465,11.23850177707664,0.57503,1
noizu,noizu,1,1,1,3,0.75,3,0.0,0,1,0,0.0,13.087774003025942,20.01804607717649,9.38437770918244,19.06253463538792,6.71901315438526,14.75551820708067,12.768544351446794,21.05973807428191,9.01322999770879,0.57417,1
nghtmre,nghtmre,1,1,0,2,0.5,2,0.0,0,1,1,0.0,14.88022163978423,21.101702273351588,9.735128070758227,19.39524038772408,6.894670039433482,15.06541258071152,11.39640288460621,19.535822337850373,9.358846580275406,0.57199,1
bunny,bunny,1,1,1,4,1.0,4,0.0,1,1,0,0.0,9.465060106725137,16.530205368010318,5.537334267018537,16.308716093211594,3.367295829986474,8.926384681265215,6.1224928095143865,15.552461966753656,3.970291913552122,0.56416,1
4b,4b,0,0,0,0,0.0,0,99.0,0,1,1,0.0,13.467371932904973,19.118815470998474,0.0,18.065433366270153,6.052089168924417,13.31133113254472,14.006131744018864,19.709913394983943,8.744009988096744,0.56251,1
soren,soren,1,1,1,4,1.0,4,0.0,1,1,0,0.0,9.131838143821223,14.594835893480765,5.834810737062605,15.341567078850604,3.610917912644224,8.744488113852924,7.876638460975463,16.98519618065851,4.941642422609304,0.55997,1
interplanetary criminal,interplanetary criminal,1,1,0,2,0.5,2,0.0,0,1,0,0.0,13.116347317149176,20.28320928562142,9.45727857185611,19.77134793001978,7.7488913372555315,15.371547904641702,13.96393142515114,22.786323899502783,8.12415060330663,0.55967,1
afrojack,afrojack,1,0,1,2,0.5,1,0.0,0,1,1,0.0,16.749367480991666,23.383525374282204,11.210481638644469,20.627855653241863,8.173293438966228,18.186223445380108,14.357835430184815,22.622383824644665,10.5610334618531,0.55949,1
kream,kream,0,1,1,3,0.75,0,1.0,0,1,0,80.0,14.214287349062356,21.14853357300435,9.77571099759397,19.56808319996451,6.78897174299217,15.088076433867828,12.721888795877376,19.97882536410418,9.209139651399664,0.55415,1
matt sassari,matt sassari,0,1,0,1,0.25,0,1.0,0,1,0,71.0,13.3739015584285,20.93837721736981,9.648659816955297,19.492264363657213,7.132497551660044,15.06541258071152,12.33270970174018,20.11261987973983,9.39274525863144,0.54909,1
neon deluz,neon deluz,1,1,0,3,0.75,2,0.0,1,1,0,0.0,9.090430075303626,4.330733340286331,0.6931471805599453,4.143134726391533,1.0986122886681098,3.6375861597263857,1.0986122886681098,0.0,0.6931471805599453,0.54863,1
space 92,space 92,0,0,0,0,0.0,0,99.0,1,1,0,10.0,13.079457964073546,19.204582292346984,0.0,17.835490722850835,6.3561076606958915,13.946539697563276,10.064798252418376,18.282567453303788,8.851949671253948,0.541,1
ferry corsten,ferry corsten,0,1,1,3,0.75,0,1.0,1,1,1,62.0,14.759416845976386,20.407184291344674,9.239996256883693,18.459901466721032,7.1785454837637,15.625437494813886,10.86477077032911,18.7922443072814,10.264687244346277,0.53905,1
decoder,decoder,0,0,0,0,0.0,0,99.0,1,1,0,0.0,10.382822509210747,11.635151947212842,0.0,11.898194668458824,3.332204510175204,0.0,0.0,10.034559673629849,4.442651256490317,0.53853,1
dimension,dimension,1,1,1,3,0.75,3,0.0,0,1,0,0.0,13.695601388686796,20.539342999987404,8.960339366492091,18.65969765229688,6.834108738813838,15.04807111068727,11.25416768929685,19.632621720903668,8.95712413640568,0.53691,1
paul oakenfold,paul oakenfold,1,1,0,2,0.5,2,0.0,1,1,0,0.0,15.10198486004501,20.650695145186845,9.525224101853109,19.00289636939162,7.32052696227274,15.956752618058363,14.014362236381237,22.554246019488005,9.249657234353132,0.53468,1
yellow claw,yellow claw,1,0,1,3,0.75,1,0.0,0,1,1,0.0,15.55947953818114,22.06351625982667,10.142543822310389,19.62365305094772,7.486613313139955,16.816230422780546,13.901689171636098,21.18699985380748,9.648659816955297,0.52279,1
aaron k,aaron k,1,1,0,2,0.5,2,0.0,1,1,0,0.0,0.6931471805599453,7.679713639966372,0.0,0.0,0.6931471805599453,1.6094379124341005,1.0986122886681098,0.0,0.0,0.52209,1
deadmau5,deadmau5,0,1,0,1,0.25,0,1.0,0,1,1,0.0,16.97251102166758,22.19114018528914,10.25769445336048,19.701614592192207,7.653969180478774,16.860033043306743,12.712893259942282,20.790924486354804,10.098272780745283,0.51946,1
paul van dyk,paul van dyk,0,1,0,2,0.5,0,1.0,0,1,0,0.0,15.990262393084793,21.343842325209156,9.239996256883693,18.997294113874336,7.379632152609552,15.693447876338569,11.695255355062796,19.58070166388391,9.803722464346553,0.51724,1
crankdat,crankdat,1,1,0,2,0.5,2,0.0,1,1,1,0.0,14.869822936167798,20.0281166557198,8.632305998516742,18.497641794347754,6.385194398997726,13.747232787874218,10.540090836284206,19.27083167759548,9.097731427593528,0.51677,1
benny benassi,benny benassi,0,1,0,1,0.25,0,1.0,0,1,1,0.0,15.557729756763528,22.566985045263404,10.75152085670396,20.101508654335337,7.886081401775745,17.550796408758714,14.436087583323648,23.065071643189892,9.75272280064639,0.51554,1
tim clark,tim clark,1,1,1,3,0.75,3,0.0,1,1,0,0.0,10.789339695269716,14.214287349062356,2.995732273553991,10.003378135350925,2.3978952727983707,7.58629630715272,6.926577033222725,10.39516093745751,0.0,0.51541,1
purple disco machine,purple disco machine,0,1,0,1,0.25,0,1.0,0,1,1,0.0,14.978661680269909,22.18652123943391,10.518700218288163,20.06548580215426,7.943427767876373,17.782021767615884,13.034626646500053,21.14853357300435,9.952325334619427,0.51429,1
layton giordani,layton giordani,1,0,0,1,0.25,1,0.0,0,1,0,84.0,13.42246945133505,19.5423583088088,9.157466882369114,18.78532386448472,6.823286122355687,14.751604309291396,10.817796321618973,18.96300504059168,9.375939552625749,0.50355,1
valentino khan,valentino khan,0,1,1,2,0.5,0,1.0,0,1,1,0.0,14.375126917328105,21.04534933684016,9.581972891547895,19.24485619130468,7.37650812632622,15.649690902820678,15.10198486004501,23.148068562753203,9.66147968357552,0.50078,1
k.gianni,k.gianni,1,1,0,2,0.5,2,0.0,1,1,0,0.0,12.672949516558306,10.102379394048045,2.0794415416798357,10.87806606028079,1.0986122886681098,6.270988431858299,1.6094379124341005,0.0,2.4849066497880004,0.49934,1
zomboy,zomboy,0,1,0,2,0.5,0,1.0,0,1,0,0.0,15.24582180450094,20.510072617722994,0.0,18.032072767659887,6.492239835020471,14.759416845976386,10.34177474101152,18.38608930953471,9.539716058977092,0.49852,1
lf system,lf system,1,1,0,2,0.5,2,0.0,0,1,0,0.0,12.765691290604371,20.451457114963254,9.433563920090563,19.481937249536912,7.1785454837637,15.369435971884585,12.388398368982116,22.26656394708964,8.139440521874608,0.49138,1
atliens,atliens,1,1,0,3,0.75,2,0.0,0,1,0,0.0,13.845070331079134,19.07300593520039,7.943072717277933,16.840801682303496,5.7430031878094825,12.928781055513184,10.012386799492118,18.5159909328476,7.669028288589683,0.48907,1
yosuf,yosuf,1,1,0,2,0.5,2,0.0,0,1,0,0.0,12.7854938618783,19.635593491283995,8.115819701211327,16.97251102166758,5.680172609017068,12.00762780434872,11.046132675457146,20.83659452314627,3.8501476017100584,0.48653,1
clawz,clawz,1,1,0,2,0.5,2,0.0,0,1,0,0.0,9.957075711706056,12.962196972666591,4.219507705176107,13.78916760931819,1.791759469228055,6.862757913051401,3.737669618283368,12.388398368982116,1.3862943611198906,0.48355,1
myles o'neal,myles o'neal,1,1,0,2,0.5,2,0.0,0,1,0,0.0,13.845070331079134,14.735793709514262,6.38856140554563,16.775615705688583,2.9444389791664403,8.990316947998217,6.654152520183219,16.97251102166758,5.4510384535657,0.48271,1
hannah laing,hannah laing,1,1,0,2,0.5,2,0.0,0,1,0,0.0,13.83531416565213,19.876967479223293,8.719644119505357,19.083368722182243,6.519147287940395,14.093143052138023,11.097425172408933,19.577561943889105,7.97728198675515,0.4787,1
cloonee,cloonee,1,0,0,2,0.5,1,0.0,0,1,1,25.0,14.227620871042545,20.29861791095053,9.45727857185611,19.00846741441004,6.773080375655535,15.341567078850604,11.128747176317605,19.545610344184603,9.07932010953778,0.47564,1
sara landry,sara landry,1,1,0,2,0.5,2,0.0,0,1,0,0.0,15.045151401436408,19.162618093443648,0.0,18.079597908838167,6.150602768446279,13.26212705890841,10.734242182303689,19.42863866800198,7.181591944611865,0.47517,1
sosa,sosa,1,1,0,2,0.5,2,0.0,0,1,0,0.0,7.347299700743164,15.62215880388968,5.808142489980444,16.489659276356317,3.332204510175204,9.980494888896912,6.569481420414296,13.019224835777257,1.791759469228055,0.4747,1
roadhouse,roadhouse,1,1,0,2,0.5,2,0.0,1,1,0,0.0,9.305741456739437,14.69513772040451,4.74493212836325,14.774861162440564,4.605170185988092,8.496378051702317,4.77912349311153,13.972515161474428,0.0,0.4713,1
sidepiece,sidepiece,1,0,1,3,0.75,1,0.0,0,1,1,63.0,13.399996629152977,20.702042201516235,9.918425424900336,19.505870015666712,7.129297548929373,15.568182811794491,10.876177521259402,19.98512129254778,9.165447603085449,0.46874,1
zevy,zevy,1,1,0,2,0.5,2,0.0,0,1,0,0.0,11.34333452885509,16.46168542627038,5.955837369464831,15.86578085104395,3.4657359027997265,8.645762292210945,6.617402977974478,14.859314962250004,2.302585092994046,0.46802,1
jamie jones,jamie jones,0,1,0,1,0.25,0,1.0,0,1,1,0.0,15.04807111068727,19.97882536410418,9.55400099583723,18.945409278804508,6.951772164398911,15.24342683358311,11.39640288460621,19.58070166388391,9.595670797663969,0.46685,1
acraze,acraze,0,1,1,3,0.75,0,1.0,0,1,1,0.0,13.626769641096136,21.21184585237858,10.073272520325904,20.21908475755472,7.917536353943631,16.349207451286784,14.876767406109316,23.82335812586969,8.94884572927805,0.46636,1
caspa,caspa,1,1,0,2,0.5,2,0.0,0,1,0,0.0,13.589865129563991,18.497641794347754,7.27931883541462,16.341239282272525,5.37989735354046,13.457407451830088,8.811652248147043,18.635792131633828,7.129297548929373,0.46223,1
seven lions,seven lions,0,1,0,2,0.5,0,1.0,0,1,0,0.0,15.633587497847351,21.14853357300435,9.48804786328076,19.00846741441004,7.228388451573604,15.248211530561775,11.206413891581189,19.406497542206473,9.060331104649476,0.4621,1
mk,mk,0,1,0,1,0.25,0,1.0,0,1,1,0.0,14.70340222683928,21.85143692817969,10.542732775946709,20.132675246516612,7.877017895622398,16.937875526504495,12.91164481522143,21.431301630000107,9.711176264112805,0.46115,1
blklght,blklght,1,1,0,2,0.5,2,0.0,1,1,0,0.0,10.335302435967074,15.83838188043084,5.749392985908253,15.588766725407044,3.4339872044851463,10.485731104959568,6.499787040655854,16.942271137784317,4.127134385045092,0.46101,1
peggy gou,peggy gou,0,1,0,1,0.25,0,1.0,0,1,1,0.0,15.790979647957377,21.09482939406855,10.094149233605084,20.152336290880623,8.058643712215618,16.67198082165602,14.452087916136216,22.66631475386396,8.669742589876522,0.45927,1
sub focus,sub focus,0,1,0,1,0.25,0,1.0,0,1,0,0.0,15.179048187715992,21.333031409110784,9.674137279312395,19.249232565885325,7.272398392570047,16.266515742283485,11.891368749982083,20.25964181625454,9.66147968357552,0.4561,1
subtronics,subtronics,0,1,1,3,0.75,0,1.0,0,1,1,0.0,14.937188445296226,20.680358336978976,8.76732914779405,18.440483381052463,6.573680166960646,14.408837955728044,12.715900771961074,21.760002722251045,9.568084743872936,0.45507,1
virtual riot,virtual riot,0,1,0,2,0.5,0,1.0,0,1,0,0.0,14.63968643952702,20.40306057416648,8.811652248147043,18.006679304821915,6.406879986069314,14.0225255403564,10.31231367277647,18.92145603792546,9.109082539901957,0.45434,1
discrete,discrete,1,1,1,3,0.75,3,0.0,1,1,0,0.0,9.686636660844938,12.7854938618783,4.1588830833596715,11.404237196256764,3.58351893845611,9.44943600950432,4.499809670330265,8.021584533455107,3.871201010907891,0.45419,1
vari,vari,1,1,0,2,0.5,2,0.0,1,1,0,0.0,9.153664194782626,15.145234832146,6.184148890937483,16.29204904211537,3.044522437723423,7.9157131993821155,5.978885764901122,15.51843899563506,5.093750200806762,0.45387,1
wuki,wuki,0,1,0,2,0.5,0,1.0,0,1,0,0.0,14.159100971573958,20.080811772603123,9.23024103368252,19.23604556166134,7.080026499922591,14.81614280591917,14.446782866720884,21.864298841817963,8.793612071589308,0.4532,1
riordan,riordan,1,1,0,2,0.5,2,0.0,0,1,0,0.0,13.1421679654829,18.048166750497675,8.31164394850298,18.237959119141873,5.929589143389895,12.782688818818986,11.669937760751914,18.7922443072814,7.7284157798410416,0.45231,1
chris lake,chris lake,0,0,1,2,0.5,0,2.0,0,1,1,98.0,14.933925800725897,21.635548547824634,10.51328029770086,19.789320172378066,7.527255919373784,17.0926553286923,12.413090879946887,20.772056002068226,10.295563423525277,0.45042,1
cassian,cassian,0,1,0,1,0.25,0,1.0,0,1,0,49.0,13.45883704259595,19.492264363657213,9.089414904047302,18.812722838485147,6.771935555839602,14.782494784382012,11.091346218718432,19.181486577659022,9.033245134153807,0.44817,1
dead x,dead x,1,1,0,2,0.5,2,0.0,1,1,0,0.0,10.098272780745283,16.099931782163637,6.253828811575473,15.030423599064406,4.174387269895637,9.060795734696166,5.934894195619588,13.87378040948403,3.218875824868201,0.44691,1
loco dice,loco dice,1,1,1,3,0.75,3,0.0,0,1,0,0.0,14.782494784382012,17.889652429875657,8.112827478751374,17.90148688732258,6.525029657843462,13.508986756405742,8.514389264083503,16.677711496036597,8.292798858200374,0.44523,1
biscits,biscits,1,0,1,3,0.75,1,0.0,0,1,0,15.0,12.807655372286902,19.96611332854275,9.401043372798052,18.915376991886035,6.577861357721047,14.80876270134486,10.351405324899678,18.80594315154573,9.35018926709258,0.44332,1
angerfist,angerfist,0,1,0,1,0.25,0,1.0,0,1,0,0.0,15.371547904641702,20.677221899492125,8.488176242345745,16.97251102166758,6.278521424165844,14.159100971573958,11.268315653289422,19.13363055671045,8.971448463693834,0.44037,1
andrew rayel,andrew rayel,0,1,0,2,0.5,0,1.0,1,1,1,0.0,14.53821702620254,19.96611332854275,8.81060879571578,18.560442695023177,6.638567789166521,14.830741600012107,10.881832472145556,18.450239555902648,9.60245002503719,0.43947,1
vavo,vavo,1,1,0,2,0.5,2,0.0,0,1,0,0.0,13.679691980296456,19.2271566142836,8.50045386741194,18.819456870621146,6.593044534142437,12.985399815906522,11.652696102959752,19.153048642473284,6.07073772800249,0.4381,1
water spirit,water spirit,1,1,0,2,0.5,2,0.0,0,1,0,0.0,10.947309210188068,15.728011792598934,6.091309882077698,15.821036551283434,4.736198448394496,9.048174321385792,7.208600337960199,17.30288566644852,5.0106352940962555,0.43797,1
vini vici,vini vici,1,0,1,3,0.75,1,0.0,1,1,0,0.0,15.339390799901627,21.27715095074756,9.787009914477434,19.30857200542005,7.585788821732034,16.257857680289998,12.310437165348777,20.561922687712737,9.358846580275406,0.43476,1
levenkhan,levenkhan,1,1,1,3,0.75,3,0.0,1,1,0,0.0,10.63347280231402,17.36225027373553,7.033506484287697,15.848908292032746,5.093750200806762,11.170449240431308,8.431417414394833,16.68340951682656,5.278114659230517,0.43424,1
hedex,hedex,1,1,0,2,0.5,2,0.0,0,1,0,0.0,13.83531416565213,19.6146032154551,8.336630087637147,18.11007118049945,6.364750756851911,13.81049902116535,10.891186902297498,19.488833828572194,7.600902459542082,0.4335,1
nora en pure,nora en pure,1,0,0,2,0.5,1,0.0,1,1,1,0.0,14.74767503269543,21.135375488435496,10.081675578048475,19.410221941283584,7.417580402414544,17.404569704420307,11.87757552297847,19.97460594857037,9.425532393502772,0.43236,1
artbat,artbat,1,0,1,2,0.5,1,0.0,0,1,0,99.0,14.933925800725897,20.743068465222983,9.581972891547895,19.04125723705382,7.43955930913332,16.40327466837995,13.079457964073546,21.16795165884888,9.798182590890704,0.43226,1
green velvet,green velvet,0,1,0,1,0.25,0,1.0,0,1,1,0.0,14.45736497045232,20.06548580215426,9.61587214452889,18.8906843794481,6.968850378341948,15.576810991528912,10.650199196425806,19.61156831176916,10.203629181337648,0.42942,1
kaysin,kaysin,1,1,1,3,0.75,3,0.0,1,1,0,0.0,9.90353755128617,15.35666984377782,7.080026499922591,16.801192546169812,4.477336814478207,10.39209824173096,5.908082938168931,15.929353526361442,6.748759547491679,0.42936,1
tape b,tape b,1,1,0,2,0.5,2,0.0,0,1,0,0.0,13.174957725054906,18.40149793472927,7.416378479192928,17.840862266556567,5.220355825078324,11.884495917930655,9.893487720457795,18.08520802165025,7.499423290592229,0.42925,1
sofi tukker,sofi tukker,0,1,0,1,0.25,0,1.0,0,1,1,0.0,15.06541258071152,21.76706988947164,10.428245666832275,20.15939099384807,8.041091003708633,17.168917310755116,13.82546187891596,21.316592682776633,9.04251326133268,0.42595,1
gryffin,gryffin,0,1,0,1,0.25,0,1.0,0,1,1,0.0,14.930652476452392,22.3719244627261,10.39821428171237,20.250057078356864,7.529406457837013,16.395727463314174,13.919871474189012,21.534196053607182,8.432506383249043,0.42573,1
lost frequencies,lost frequencies,0,1,0,1,0.25,0,1.0,0,1,0,0.0,16.213405921671733,23.69368030256739,10.86858749601736,20.589734445464742,8.068716192714781,18.395362946224484,14.763300344494624,22.240588460692003,9.401043372798052,0.42504,1
malcolm zeller,malcolm zeller,1,1,0,2,0.5,2,0.0,1,1,0,0.0,9.642187721358466,16.166885910365842,6.875232087276577,17.287477041570536,4.543294782270004,10.239995502805316,10.61890979160975,18.643824303266577,5.627621113690637,0.42355,1
shlømo,shlømo,1,1,0,2,0.5,2,0.0,0,1,0,0.0,13.597355791941425,17.855046901297012,7.952615111651,17.543610749269952,6.003887067106539,12.185875040240456,9.14398687142616,17.731525604582277,6.839476438228843,0.42346,1
death code,death code,1,1,0,2,0.5,2,0.0,0,1,0,0.0,8.053887083618223,15.201805169084134,5.942799375126701,14.436087583323648,4.02535169073515,8.62191350218664,5.19295685089021,13.126357390703754,5.236441962829949,0.42334,1
celo,celo,1,1,0,2,0.5,2,0.0,1,1,0,0.0,9.503084610020228,14.674172600730516,5.53338948872752,14.47303107901565,3.7612001156935624,8.572249397164315,5.910796644040527,13.435714658591923,5.863631175598097,0.42254,1
morten,morten,1,0,1,2,0.5,1,0.0,0,1,0,69.0,14.272936037914342,20.93837721736981,9.83097062169695,19.71266442834827,7.416378479192928,15.785416352045807,11.970356641103,20.001719183922383,9.539716058977092,0.42235,1
layz,layz,1,1,0,2,0.5,2,0.0,0,1,0,0.0,12.59133844767558,17.01418371633128,6.51471269087253,16.372737946851277,4.204692619390966,10.1145990076265,7.388946097618437,15.752812476575196,6.396929655216146,0.42183,1
yotto,yotto,0,1,1,2,0.5,0,1.0,0,1,0,0.0,13.567050480716237,20.107079699374445,9.401043372798052,18.8906843794481,7.13966033596492,15.173919972664004,10.664316745782925,18.778355195217188,9.595670797663969,0.41934,1
deborah de luca,deborah de luca,0,1,0,2,0.5,0,1.0,1,1,0,0.0,15.641671614940243,19.67914173640328,8.521981708148035,18.09909713361801,6.913737350659685,14.59023818634603,11.976665770490769,19.035866388448003,7.734996194022781,0.41832,1
taylor kade,taylor kade,1,1,0,3,0.75,2,0.0,1,1,0,0.0,11.273411140805074,15.9672728775028,6.345636360828596,16.785925074816024,3.784189633918261,9.29660980712836,6.698268054115413,16.029264546541317,5.3471075307174685,0.41831,1
majestic,majestic,0,1,0,2,0.5,0,1.0,0,1,0,0.0,12.919024904363686,21.12873094572124,9.918425424900336,20.10522613072856,7.569927655242652,15.676485251734784,13.140205260167273,21.639556569220566,8.394347361417392,0.41779,1
öwnboss,öwnboss,0,1,0,1,0.25,0,1.0,1,1,0,36.0,13.07107218827772,20.888780276271444,9.908524844053396,19.829225716452065,7.430707082545968,16.051955955291376,13.655342979519684,22.613361207046385,8.864322722511439,0.41587,1
miss monique,miss monique,1,0,0,1,0.25,1,0.0,0,1,0,26.0,15.19679262851687,19.38766459394432,8.44741429680832,18.182423567518462,6.70808408385307,14.014362236381237,10.853232402669228,18.76427045543464,8.549466751966532,0.41534,1
soul purpose,soul purpose,1,1,0,3,0.75,2,0.0,1,1,0,0.0,8.159660737063376,14.617512591866694,5.521460917862246,15.252973443188226,3.784189633918261,10.911463720944791,5.54907608489522,12.84529412258351,5.556828061699537,0.41398,1
giuseppe ottaviani,giuseppe ottaviani,0,1,1,3,0.75,0,1.0,1,1,0,44.0,14.187074804051692,20.845483470555617,0.0,18.009700470239046,6.639875833826536,14.64406281221155,10.92415631759022,0.0,10.106469212026385,0.41083,1
kian,kian,1,1,0,2,0.5,2,0.0,0,0,0,0.0,11.60824473564232,18.78532386448472,7.487733761436444,17.849751213815786,5.598421958998375,13.603555432133808,8.532475814947395,16.749367480991666,1.9459101490553132,0.40859,1
troyboi,troyboi,0,1,0,1,0.25,0,1.0,0,1,1,0.0,14.53335035111459,22.081674994833836,10.090008612393838,19.723593498850597,7.642524134232902,16.52356082573315,14.630875813726249,22.45845495486244,8.123854263105914,0.40855,1
blond:ish,blond:ish,1,0,0,1,0.25,1,0.0,0,1,0,0.0,14.425276673063282,20.16988060050075,9.648659816955297,19.410221941283584,7.192182058713246,15.276448694098464,11.669937760751914,20.465789607845355,8.88516409509682,0.40762,1
wade,wade,0,1,0,2,0.5,0,1.0,1,1,0,0.0,14.937188445296226,19.380030969118383,8.85051762174672,18.488339401771977,6.553933404025811,14.66566191468422,11.005444242454628,19.963978856018674,8.893984438939794,0.40477,1
josh baker,josh baker,1,0,0,1,0.25,1,0.0,0,1,0,0.0,13.60231857512623,18.7922443072814,8.089175678837561,18.25344483639678,5.82600010738045,12.861001210669146,11.149096419938578,19.545610344184603,7.711548979629146,0.40219,1
matt faulk,matt faulk,1,1,0,2,0.5,2,0.0,1,1,0,0.0,10.93490891666386,15.656060350091908,6.198478716492308,16.357112630168974,3.6635616461296463,10.457401400981889,6.261491684321042,15.11023799953124,5.955837369464831,0.40057,1
lilly palmer,lilly palmer,0,1,0,1,0.25,0,1.0,1,1,0,0.0,15.179048187715992,18.93947454331991,8.299534570332597,18.042344317830995,6.240275845170769,13.079457964073546,10.328787967145065,19.030446321008043,8.156797046675651,0.40039,1
lucky lou,lucky lou,1,1,0,2,0.5,2,0.0,1,1,0,0.0,8.133000218583613,15.257712787429051,5.777652323222656,15.43291683846023,5.181783550292085,9.358846580275406,5.973809611869261,13.428377879293798,4.477336814478207,0.40031,1
southstar,southstar,1,0,0,1,0.25,1,0.0,0,1,0,0.0,13.003582093664075,20.617905322399697,9.239996256883693,19.421312627936743,7.288244401020124,14.978661680269909,13.124363376072994,22.811419319352183,6.030685260261263,0.39946,1
kayzo,kayzo,0,1,0,2,0.5,0,1.0,0,1,0,0.0,14.352004513273991,20.155869863455695,8.848652886213905,18.37568338848188,6.398594934535208,13.555444949561489,10.106469212026385,18.13299868483392,8.725669705687043,0.39829,1
steve aoki,steve aoki,0,1,0,1,0.25,0,1.0,0,1,1,35.0,17.67413280776235,23.139179615336747,11.200964361058276,0.0,17.947471999809046,14.99416586199818,23.240962309638046,10.367253014814716,0.0,0.39829,1
westend,westend,0,1,1,3,0.75,0,1.0,0,1,0,34.0,12.748399843328054,19.555303473358943,9.19085169539232,18.858935681335133,6.566672429803241,14.488455541410652,10.188704088048116,18.75715298771643,9.07004328643746,0.3964,1
liquid stranger,liquid stranger,1,0,0,2,0.5,1,0.0,0,1,0,0.0,14.159100971573958,19.424982356812237,8.057060681965766,17.531518703797364,5.53338948872752,13.093965960493682,10.373522431293592,18.459901466721032,7.911690520708339,0.39634,1
miyuki,miyuki,1,1,0,2,0.5,2,0.0,1,1,0,0.0,11.375971077721225,15.652880697680038,5.978885764901122,15.44278858499034,5.2832037287379885,10.36410350510914,8.4906438561827,17.01418371633128,6.385194398997726,0.39628,1
infected mushroom,infected mushroom,0,1,1,2,0.5,0,1.0,0,1,0,0.0,15.19427690455251,20.809443534104897,8.634442751466477,17.36799741582595,6.543911845564792,14.763300344494624,10.84155934547194,18.812722838485147,7.550661243105336,0.39409,1
amelie lens,amelie lens,1,0,0,1,0.25,1,0.0,0,1,0,0.0,15.662389484142103,19.577561943889105,8.720786883485731,18.148872033780233,6.470799503782602,13.695601388686796,10.288783966353764,18.86536657162407,8.131530710604252,0.39299,1
rezz,rezz,1,0,0,2,0.5,1,0.0,0,1,0,0.0,15.068273812173889,20.71018059841093,9.02063159674821,18.683045016112164,6.8885724595653635,14.80876270134486,14.603968372873895,23.12116110983569,8.400209835930418,0.39291,1
the martinez brothers,the martinez brothers,1,0,1,2,0.5,1,0.0,0,1,1,0.0,14.74767503269543,19.781657299652068,9.401043372798052,19.093625222296833,7.252762418053187,14.97239206922172,11.010415172807951,19.39900687050537,8.864322722511439,0.39074,1
damon sharpe,damon sharpe,1,1,0,3,0.75,2,0.0,1,1,0,0.0,12.621491384816093,18.812722838485147,8.491054533806542,18.832790401401716,5.937536205082426,12.531776395271262,8.609042845046117,18.46947091764561,7.068172000388042,0.38801,1
loud luxury,loud luxury,1,0,1,2,0.5,1,0.0,0,1,1,0.0,15.11570249251028,22.02345749928537,10.254179634797,20.254860930661817,7.557994958530806,17.10017416082366,12.653961664405363,20.68348496797515,8.556029215201436,0.38744,1
warface,warface,0,1,1,2,0.5,0,1.0,0,1,0,0.0,14.363632544508476,19.9618398177745,8.464425125877582,17.1654146803266,5.817111159963204,13.551546314212295,9.846970109700957,18.61130111182548,8.974997713204976,0.386,1
nico moreno,nico moreno,1,0,0,1,0.25,1,0.0,0,1,0,0.0,14.657078174676885,19.20000562534052,8.209308411646937,17.065885088651534,6.021023349349527,13.556741124342862,10.1145990076265,18.569100757691327,6.478509642208569,0.38572,1
four tet,four tet,0,1,0,1,0.25,0,1.0,0,1,0,0.0,15.257712787429051,21.77058483157785,10.471666571132038,19.865244015554723,7.617759576608505,16.924571561468124,11.870606902224589,20.53573071430584,8.791486026749002,0.3857,1
cat and maomi,cat & maomi,0,0,0,0,0.0,0,99.0,0,0,0,0.0,0.0,9.517898598432753,0.0,12.160033942617156,1.3862943611198906,0.0,0.0,10.53212287826962,1.3862943611198906,0.38518,1
boys noize,boys noize,1,0,0,1,0.25,1,0.0,0,1,0,0.0,14.669926311652166,20.322788271841823,9.798182590890704,19.39524038772408,7.631916513071252,15.62707281788719,10.905974329106854,18.96300504059168,9.184919994629272,0.38479,1
blastoyz,blastoyz,0,1,1,3,0.75,0,1.0,0,1,0,0.0,14.557448378884017,19.48539148439307,8.19063168090354,17.249497794707484,6.297109319933935,13.883170141017091,10.591647316585028,18.198786424522982,7.768110378525988,0.3844,1
cosmic gate,cosmic gate,1,0,1,3,0.75,1,0.0,0,1,0,0.0,14.122995993006082,20.25964181625454,8.939318740417509,18.005165315142214,6.678342114654332,15.646490900602007,10.847412906506923,18.683045016112164,9.961803629358965,0.38251,1
tchami,tchami,0,0,1,2,0.5,0,2.0,0,1,1,0.0,14.80876270134486,20.962282738204312,9.966509298952284,19.519293035953808,7.517520850603031,15.716124581581232,11.711784520403112,20.18026131653735,9.55400099583723,0.38128,1
charlotte de witte,charlotte de witte,1,0,0,2,0.5,1,0.0,0,1,0,0.0,16.357112630168974,20.26598098168823,9.144734614878187,18.560442695023177,7.112327444710911,15.28798284468299,11.849404844423074,21.242059630956817,8.97259066827261,0.38001,1
carl cox,carl cox,0,1,0,1,0.25,0,1.0,1,1,1,0.0,15.987987079506508,19.641510668294575,9.220389707829185,18.683045016112164,7.0192966537150445,14.669926311652166,10.373522431293592,18.342719213293464,9.035391569511642,0.3797,1
marlon hoffstadt,marlon hoffstadt,1,0,0,1,0.25,1,0.0,0,1,0,0.0,13.937729075643883,19.99552721368724,9.196951134857168,19.078200752050503,7.060476365999801,15.166178000508337,11.367911253546788,19.888555094368822,8.38160253710989,0.37802,1
rl grime,rl grime,1,0,0,1,0.25,1,0.0,0,1,1,0.0,14.940440479625028,21.282881625453264,9.770013301136158,19.20000562534052,6.97354301952014,15.43291683846023,11.444657330797734,19.935807979113022,9.517898598432753,0.37735,1
porter robinson,porter robinson,0,0,0,1,0.25,0,3.0,0,1,1,0.0,16.185754392890075,21.590366325049963,9.857495968685136,19.35677410704427,7.4318919168078,15.998185467025328,14.11561589115508,21.37036907952851,9.472781556562168,0.37722,1
ky william,ky william,1,1,0,2,0.5,2,0.0,1,1,0,0.0,10.474495347310452,15.754252361425856,7.071573364211532,16.749367480991666,5.093750200806762,10.909637269778615,6.932447891572509,15.238619133170708,7.091742115095153,0.37569,1
it's murph,it's murph,1,0,0,1,0.25,1,0.0,0,1,0,0.0,13.130333531178522,19.698832949238067,8.42222295382501,18.33729914588288,5.529429087511423,13.297997623898429,12.06105265381003,20.809443534104897,6.380122536899765,0.37425,1
ganja white night,ganja white night,0,0,0,1,0.25,0,3.0,0,1,0,0.0,14.187074804051692,19.753046765685223,8.019612794400267,17.468762860341794,5.934894195619588,13.132315688453556,10.518700218288163,18.603002309079653,7.3031700512368,0.37284,1
nitti,nitti,0,0,0,1,0.25,0,3.0,0,1,0,0.0,13.919871474189012,20.400301951731205,9.259225769705994,19.083368722182243,6.774223886357614,14.97239206922172,14.137594781770806,21.569134104953203,8.329175442077402,0.36981,1
jackie hollander,jackie hollander,1,1,0,2,0.5,2,0.0,1,1,0,0.0,11.163382173096926,16.36495580701484,7.311886164077165,17.840862266556567,4.574710978503383,10.70551155928146,6.881411303642535,15.527505239228866,6.255750041753367,0.36931,1
pocket,pocket,1,1,0,2,0.5,2,0.0,1,1,0,0.0,10.900454637442037,15.85802887524119,6.950814768442584,17.216707972959764,4.553876891600541,9.61587214452889,5.7745515455444085,14.346139397261563,5.225746673713202,0.36912,1
rzrkt,rzrkt,1,0,0,1,0.25,1,0.0,0,1,0,0.0,11.128747176317605,16.300417291085605,6.313548046277095,15.90737474309945,4.356708826689592,9.852246888342531,6.760414691083428,14.92736840232972,6.76849321164863,0.36838,1
devin wild,devin wild,1,1,0,2,0.5,2,0.0,0,1,0,0.0,12.618185607609805,18.65179247285226,7.888334500738654,17.262318482725615,5.8805329864007,12.19602736016897,7.664815785285735,16.231424425551033,8.256866848974312,0.36763,1
gorgon city,gorgon city,1,0,0,1,0.25,1,0.0,0,1,1,22.0,14.984892228079548,21.534196053607182,10.261196961231647,19.73171262326713,7.507690077819904,16.612791892794426,12.715900771961074,19.92475814295086,9.692828247710418,0.3658,1
disco lines,disco lines,1,0,1,2,0.5,1,0.0,0,1,0,0.0,14.47303107901565,20.9055873945737,9.581972891547895,19.970368654103833,7.322510433997394,15.456447331256175,14.346139397261563,22.73282125129613,8.017966703493599,0.36544,1
samplifire,samplifire,1,0,0,1,0.25,1,0.0,0,1,0,0.0,12.637858308703688,18.742764250367856,0.0,0.0,11.744045122410055,0.0,17.460960480260535,0.0,0.0,0.3653,1
getter,getter,0,0,0,1,0.25,0,3.0,0,1,1,0.0,14.812459561859503,21.17434145694357,8.895903562215581,18.043803107273373,6.278521424165844,14.436087583323648,11.35394145674048,19.078200752050503,8.326758814511733,0.36466,1
dea magna,dea magna,1,0,0,1,0.25,1,0.0,0,1,0,0.0,8.299037181613066,15.418930599280037,6.658011045870748,16.5563506464056,3.912023005428146,9.723223876851618,6.20050917404269,15.670244982848228,4.7535901911063645,0.36328,1
drinkurwater,drinkurwater,1,0,0,1,0.25,1,0.0,0,1,0,0.0,11.703554089007538,16.341239282272525,6.335054251498059,15.536490024022145,3.49650756146648,9.862717639992916,6.98933526597456,17.252718409303803,5.840641657373398,0.3617,1
chris lorenzo,chris lorenzo,0,0,1,2,0.5,0,2.0,1,1,0,79.0,13.45883704259595,20.593157152738343,9.820160289946374,19.372338623524815,7.215239978730097,15.60225765287296,11.046132675457146,19.696043547158272,9.53249633228804,0.36061,1
adventure club,adventure club,0,1,0,1,0.25,0,1.0,0,1,0,0.0,15.211755497462054,20.95437755870345,8.99961934066053,18.403534595290335,6.249975242259483,15.29711532616119,10.791399385808589,18.122274721614698,7.377758908227872,0.35988,1
mattilo,mattilo,1,0,0,1,0.25,1,0.0,0,1,0,0.0,12.138869243416009,17.437181289122726,7.197435354096591,17.284366619252893,5.44673737166631,12.225880174775122,10.918736348043124,19.71266442834827,5.231108616854587,0.35987,1
restricted,restricted,1,0,0,1,0.25,1,0.0,0,1,0,0.0,14.24729362374025,20.114459806658452,8.737292112544221,18.57768450130904,6.937314081223682,14.488455541410652,13.809493491674422,23.035801260892637,7.457609289715606,0.35961,1
kasablanca,kasablanca,0,1,0,2,0.5,0,1.0,0,1,0,0.0,13.021439671201302,19.865244015554723,8.433376705323127,18.360930750162304,6.586171654854675,13.551546314212295,11.53273789613992,18.50685844936773,8.242756345714477,0.35957,1
brutalismus 3000,brutalismus 3000,1,0,0,1,0.25,1,0.0,0,1,0,0.0,14.11561589115508,19.71266442834827,8.194229304819817,17.795192230557824,6.48768401848461,14.11561589115508,10.77270764101727,19.9225334479337,5.583496308781699,0.35827,1
tokimonsta,tokimonsta,1,0,0,1,0.25,1,0.0,0,1,0,0.0,14.260197020251155,20.00991595110976,9.147400572202308,18.896914929159916,7.114769448366463,14.285514812209817,10.288783966353764,18.927498352344912,6.3784261836515865,0.35819,1
danny avila,danny avila,1,0,0,1,0.25,1,0.0,1,1,0,0.0,15.05966544010744,20.44355193546656,9.48044384215367,19.283570703318816,7.04141166379481,15.49633865270477,13.704580114574805,21.1806906846182,8.950662495933999,0.35811,1
uncle waffles,uncle waffles,1,0,0,1,0.25,1,0.0,0,1,0,0.0,16.039052551842968,19.56490354705724,8.10258642539079,18.10322652690318,6.456769655572163,16.128046080821385,14.503645699213113,22.195737894536713,5.241747015059643,0.35694,1
korolova,korolova,1,0,1,2,0.5,1,0.0,0,1,0,17.0,15.24342683358311,19.499090328704316,8.39366870513074,18.32527057014881,6.508769136971682,14.24729362374025,11.496806245590331,19.410221941283584,8.273336598504486,0.35603,1
wooli,wooli,0,1,1,2,0.5,0,1.0,0,1,0,0.0,13.777809729201325,19.9225334479337,8.520587424484253,18.029118555806093,6.498282149476434,13.68540301156877,11.751950239425476,19.931402685654813,9.170039075202656,0.35593,1
ben nicky,ben nicky,1,0,1,3,0.75,1,0.0,0,1,0,0.0,14.937188445296226,19.478471041572444,8.695171998776056,18.247517136833785,6.887552571664617,14.108180918195472,11.703554089007538,19.913584842377706,8.849083518532339,0.35561,1
bou,bou,0,1,0,1,0.25,0,1.0,0,1,0,0.0,13.779884416590017,20.578240066052224,8.872346978983032,18.619531610894253,6.984716320118266,14.969242461310827,11.52288569676448,19.96611332854275,8.531293315795018,0.35538,1
haylee wood,haylee wood,1,0,0,1,0.25,1,0.0,0,1,0,0.0,11.870606902224589,15.181602466868654,6.816735880594968,17.00598694946304,4.110873864173311,9.841665338892785,6.391917113392602,15.186691535081192,6.29156913955832,0.35536,1
koven,koven,0,1,0,2,0.5,0,1.0,0,1,0,0.0,13.215855541983634,20.08838756639723,8.851233902846035,18.1462439114085,6.939253946041508,14.408837955728044,10.505094936455558,18.61130111182548,7.931644021454311,0.35484,1
darren styles,darren styles,1,0,1,3,0.75,1,0.0,1,1,0,0.0,13.620712694725295,20.69897314540196,9.35018926709258,18.5517090151307,6.927557906278317,14.89051332229012,11.261909563554315,19.681978617730433,9.005405040310642,0.35453,1
steller,steller,1,0,0,1,0.25,1,0.0,0,1,0,0.0,11.580593459194764,16.333207111220425,6.459904454377535,15.827743483640493,4.110873864173311,9.6678285081515,8.045908742270779,15.844973861243904,4.634728988229636,0.35427,1
basstripper,basstripper,1,0,0,1,0.25,1,0.0,0,1,0,0.0,11.995357787034976,18.355608757881008,7.560601162768557,17.10763688174679,5.765191102784844,13.021439671201302,9.729193687429404,19.402759220109843,7.099201743553092,0.35346,1
jauz,jauz,0,0,0,1,0.25,0,3.0,1,1,1,0.0,14.96608290201874,20.888780276271444,9.503084610020228,18.896914929159916,7.246368080102461,15.585365362162015,14.82346884332769,21.57768116552801,9.39274525863144,0.35311,1
madeon,madeon,0,0,0,1,0.25,0,3.0,0,1,0,0.0,15.562969942511762,21.12204195757492,9.417435838868784,18.73549149109167,6.732210706467206,15.394489469099211,11.261909563554315,19.312678787355836,8.71292443512011,0.35225,1
2ar,2ar,1,0,0,1,0.25,1,0.0,0,1,0,0.0,12.128116509451258,13.45883704259595,5.855071922202427,15.550699852070762,3.1354942159291497,7.45876269238096,6.082218910376446,13.937729075643883,3.713572066704308,0.35195,1
hi-lo,hi-lo,0,1,0,1,0.25,0,1.0,0,1,0,0.0,13.502170106720037,19.79186146980028,9.085797036901582,18.71335036537787,6.608000625296087,14.669926311652166,10.67130147767883,19.13363055671045,9.38437770918244,0.35161,1
dombresky,dombresky,1,0,1,2,0.5,1,0.0,0,1,1,0.0,13.680836798801778,19.545610344184603,9.278092474027002,18.896914929159916,6.8001700683022,14.580978865220017,11.53273789613992,20.686601853612164,9.024974184996005,0.35132,1
audien,audien,0,0,0,1,0.25,0,3.0,0,1,1,0.0,14.310207409556291,21.36511972364512,9.425532393502772,18.974565862925928,6.849066282633458,15.62051541841602,12.889172015485954,21.12204195757492,9.038602608721874,0.35093,1
moonlght,moonlght,1,0,0,1,0.25,1,0.0,0,1,0,0.0,13.367661298303677,19.676296784279145,8.32845106681936,18.8261458587272,6.586171654854675,13.989464705423494,15.163583966004191,22.635766924018306,4.454347296253507,0.35074,1
zhu,zhu,0,0,0,1,0.25,0,3.0,0,1,1,0.0,15.24342683358311,22.096981416112605,10.315630315397533,19.67914173640328,7.550135342488429,16.612791892794426,13.378556330751158,21.52077303328105,8.794673401383422,0.35066,1
joel corry,joel corry,0,0,0,1,0.25,0,3.0,0,1,1,0.0,14.920767720476825,22.491415440705985,10.65728288404746,20.516241668742097,8.074337694089515,17.20328495307807,14.180154365996389,22.03159865686686,9.581972891547895,0.35057,1
horsegiirl,horsegiirl,1,0,0,1,0.25,1,0.0,0,1,0,0.0,13.174957725054906,18.488339401771977,7.845024417241484,17.6867115897055,6.186208623900494,13.389333939650964,12.128116509451258,21.416413018006356,4.68213122712422,0.34985,1
€uro tra$h,€uro tra$h,1,0,0,2,0.5,1,0.0,1,1,0,0.0,14.180154365996389,17.759032249831638,7.57455848420248,17.486735102284783,5.869296913133774,12.676079399771028,11.310821520675267,18.635792131633828,7.126890808898808,0.34916,1
dabin,dabin,0,1,0,1,0.25,0,1.0,0,1,0,0.0,13.691081612088286,20.468373588607943,8.908694592507015,18.459901466721032,6.833031732786201,14.014362236381237,10.727684925086583,18.75715298771643,7.827639546366422,0.34906,1
rossi.,rossi.,1,0,0,1,0.25,1,0.0,0,1,0,0.0,12.777055016970678,18.3307560473653,8.15708378502887,18.259337605294483,6.298949246855942,12.945628585536271,9.989711119284744,19.26224793394093,7.742402021815782,0.34862,1
emo nite,emo nite,1,0,1,2,0.5,1,0.0,0,0,0,0.0,0.0,0.0,0.0,0.0,0.0,0.0,0.0,0.0,0.0,0.34802,1
inzo,inzo,1,0,0,1,0.25,1,0.0,0,1,0,0.0,13.308014385419147,19.561713751699315,8.200288260287554,17.370858648025116,5.986452005284438,13.423949834313948,12.644330802262578,21.760002722251045,6.423246963533519,0.3469,1
galantis,galantis,0,0,1,1,0.25,0,2.0,0,1,1,0.0,16.447399470043365,22.914919369344908,10.887455624298198,20.53573071430584,7.775695749915245,17.103912482794517,15.15314000957004,22.141543244161483,9.69898173460629,0.34632,1
san holo,san holo,0,0,0,1,0.25,0,3.0,0,1,1,0.0,14.869822936167798,21.37036907952851,9.510519035757246,19.24485619130468,7.093404625868766,15.292559510663104,11.751950239425476,19.39524038772408,8.548110294050959,0.34443,1
joseph capriati,joseph capriati,0,1,0,2,0.5,0,1.0,1,1,0,0.0,14.719729113462378,17.858561843342684,7.742835955430749,16.937875526504495,6.326149473155099,12.748399843328054,8.65486599654131,16.86951178681205,8.108623268354595,0.34408,1
apashe,apashe,1,0,0,1,0.25,1,0.0,0,1,0,0.0,14.441449523589984,20.962282738204312,9.249657234353132,18.36305164170895,6.815639990074331,15.71163019266671,13.64234812801502,21.967420431193364,7.980365765111246,0.34381,1
oguz,oguz,1,0,0,1,0.25,1,0.0,0,1,0,0.0,14.763300344494624,18.20252474658701,7.486613313139955,16.395727463314174,5.6131281063880705,12.679199517372098,8.876125585396185,17.641975696817266,5.117993812416755,0.3434,1
francis mercier,francis mercier,1,0,0,2,0.5,1,0.0,1,1,0,0.0,13.541075028051122,20.053835184956903,9.32375833901174,19.04125723705382,6.860663671448287,15.479436845076366,12.837347081942964,20.633341130512516,8.37378460812088,0.34294,1
cole knight,cole knight,1,0,0,1,0.25,1,0.0,0,1,0,0.0,10.721084386282662,14.566927118346197,6.212606095751519,16.40327466837995,3.970291913552122,9.70509758756311,5.135798437050262,14.04662307257814,5.43372200355424,0.34277,1
partiboi69,partiboi69,1,0,0,2,0.5,1,0.0,0,1,0,0.0,13.471612215950506,17.937794505083072,7.624130585661289,17.458346099754813,6.586171654854675,12.77422616877261,9.867912187022208,18.370439538030865,5.545177444479562,0.34239,1
anatta,anatta,1,0,0,2,0.5,1,0.0,1,1,0,0.0,10.55323128448846,15.47373882504398,6.918695219020472,16.13789837629371,4.454347296253507,10.056251557087757,6.133398042996649,14.253766134056512,5.916202062607435,0.34141,1
habstrakt,habstrakt,0,1,1,3,0.75,0,1.0,0,1,0,0.0,13.691081612088286,19.71814389409788,9.010791269515602,18.643824303266577,6.580639137284949,14.085538458535822,9.928228944424577,18.71335036537787,9.268703615273097,0.34116,1
knock2,knock2,0,0,0,1,0.25,0,3.0,0,1,0,0.0,13.372345140303285,19.804471977360404,8.50045386741194,18.36516804459293,6.470799503782602,13.75894126467638,10.881832472145556,19.696043547158272,8.972717499397138,0.34115,1
kami,kami,1,0,0,2,0.5,1,0.0,1,1,0,0.0,11.299744620670223,17.088874605995333,6.345636360828596,16.447399470043365,3.1354942159291497,11.542493975902508,6.040254711277414,13.212205909556012,1.3862943611198906,0.34093,1
trickstar,trickstar,1,0,0,1,0.25,1,0.0,1,1,0,0.0,9.417435838868784,15.507449876072164,5.945420608606575,15.979982463639242,4.394449154672439,8.948455992345542,6.327936783729195,14.950133605698774,5.66988092298052,0.33979,1
ben sterling,ben sterling,1,1,0,2,0.5,2,0.0,1,1,0,0.0,12.35017731849889,16.65458907995242,7.61972421378267,16.840801682303496,5.752572638825633,12.250094315624496,6.967909201801884,15.676485251734784,7.852827812281744,0.33975,1
kilimanjaro,kilimanjaro,1,0,0,1,0.25,1,0.0,0,1,0,0.0,11.374823643830943,19.291974114079885,8.514990767861038,18.50685844936773,6.369900982828227,13.671641342278315,11.050905878263569,19.17209683735327,7.123672785204607,0.33834,1
wilkinson,wilkinson,0,1,0,1,0.25,0,1.0,0,1,0,0.0,14.04662307257814,21.073922709263805,9.239996256883693,18.586195190904515,6.826545223556594,15.580241526037272,11.3373928113354,19.6146032154551,8.813289762469037,0.33816,1
sihk,sihk,1,0,0,1,0.25,1,0.0,0,1,0,0.0,10.839600519357369,16.765198945372877,6.90875477931522,16.780783675579947,5.4638318050256105,10.526775414924009,6.795705775173514,15.315133827605427,6.220590170099739,0.33724,1
mcr-t,mcr-t,1,0,0,1,0.25,1,0.0,0,1,0,0.0,12.392556361841775,18.845948485892656,7.978996370854115,17.353567151413394,6.591673732008658,13.727772735358728,12.185875040240456,21.4887336795511,5.204006687076795,0.33708,1
anoluxx,anoluxx,1,0,0,1,0.25,1,0.0,0,1,0,0.0,10.606609816118151,14.24729362374025,5.332718793265369,15.090873637706451,3.1780538303479458,8.049427057110695,4.912654885736052,12.429220196836384,2.0794415416798357,0.3368,1
the archer,the archer,1,0,0,2,0.5,1,0.0,1,1,0,0.0,10.016860879703811,16.204273438942487,6.810142450115136,16.796129244469636,4.418840607796598,10.978507040265916,7.284134806195205,16.46168542627038,5.683579767338681,0.33675,1
ward andrews,ward andrews,1,0,0,1,0.25,1,0.0,1,1,0,0.0,10.410335274932896,14.397726736476,5.3612921657094255,15.50005612841392,1.791759469228055,8.3774712482411,7.1731917424865985,18.627694921466773,3.044522437723423,0.33669,1
alex chapman,alex chapman,1,0,0,1,0.25,1,0.0,1,1,0,0.0,12.425212191503038,16.357112630168974,6.666956792429207,17.373711716926124,4.820281565605037,10.448743588106623,11.281006017883907,18.75715298771643,2.9444389791664403,0.33565,1
honey dijon,honey dijon,0,0,0,1,0.25,0,3.0,0,1,0,0.0,13.753636218075409,18.95717412031489,9.007121989469242,18.8906843794481,6.996681488176539,14.253766134056512,11.408686542313973,19.876967479223293,8.841881989497114,0.33469,1
kevin de vries,kevin de vries,0,1,0,1,0.25,0,1.0,0,1,0,0.0,13.531821834802397,19.23604556166134,8.790269111478656,18.287149362756413,6.985641817639208,14.8013277256213,11.033291613631048,18.80594315154573,8.768885326134862,0.33466,1
lp giobbi,lp giobbi,0,0,0,1,0.25,0,3.0,0,1,0,0.0,13.434251602680698,19.906820442304415,9.239996256883693,19.23161096461314,7.050122520269059,14.253766134056512,12.992256969959042,20.383588470780744,8.253227645581772,0.33435,1
mish,mish,1,0,0,1,0.25,1,0.0,0,1,0,0.0,12.51723073716405,18.61130111182548,7.436617265234227,16.039052551842968,5.288267030694535,11.759793355371237,8.753213480544126,18.27101998101236,7.173958319756794,0.33371,1
sound rush,sound rush,0,1,1,3,0.75,0,1.0,0,1,0,0.0,13.159661088928445,19.93800336967164,8.660080678964786,17.553180200057167,6.263398262591624,13.460264592549231,10.97337452485014,19.690441291625294,8.795127912413138,0.33358,1
ayybo,ayybo,1,0,0,1,0.25,1,0.0,0,1,0,0.0,12.973865689268807,19.48539148439307,8.532475814947395,18.5517090151307,6.410174881966167,14.04662307257814,11.235866764155578,19.25792827281507,7.656810091480378,0.3333,1
showtek,showtek,1,0,0,1,0.25,1,0.0,0,1,0,0.0,15.942551197632891,21.876997425151057,10.236417809461043,19.57441233499613,7.1631723908466425,16.959662879739987,11.891368749982083,20.312285549658434,10.122663242288953,0.33168,1
skream,skream,1,0,0,1,0.25,1,0.0,0,1,0,0.0,14.397726736476,19.931402685654813,9.34145634983372,18.8261458587272,7.532623618788788,15.926935266562529,11.571203807011967,19.647393038180343,8.591743922680534,0.33151,1
blunts and blondes,blunts & blondes,0,0,0,0,0.0,0,99.0,0,0,0,0.0,13.003582093664075,18.14755883597252,7.352441100243583,17.189679301485086,4.890349128221754,11.488643018250334,8.593598522618644,16.432906463791053,5.950642552587727,0.33096,1
aqutie,aqutie,1,0,0,1,0.25,1,0.0,0,1,0,0.0,9.841665338892785,13.327751835792448,5.3230099791384085,14.452087916136216,3.332204510175204,8.45553053102413,4.820281565605037,13.883170141017091,3.951243718581427,0.33081,1
chyl,chyl,1,0,1,2,0.5,1,0.0,0,1,0,0.0,12.621491384816093,17.062001588775953,7.252762418053187,17.338925601849205,5.272999558563747,11.719947764402807,12.799402253235032,19.62365305094772,6.436150368369428,0.33062,1
griz,griz,0,0,1,1,0.25,0,2.0,0,1,0,0.0,14.975531788240602,20.781534746013783,9.028818495352793,18.440483381052463,6.672032945461067,14.699278511355924,12.328294703023394,21.556174960316294,8.32845106681936,0.33041,1
elephante,elephante,1,0,0,1,0.25,1,0.0,0,1,1,0.0,13.393917592315308,20.225685441575177,8.48714627006394,17.770593072009955,6.142037405587356,13.82546187891596,12.388398368982116,20.61901581668249,7.005789019253503,0.32992,1
raecola,raecola,1,0,0,1,0.25,1,0.0,0,1,0,0.0,10.158168529848494,12.813119851828636,5.308267697401205,14.59023818634603,2.70805020110221,8.080237416216702,5.117993812416755,13.277657974137664,4.584967478670572,0.32984,1
lizdek,lizdek,1,0,0,1,0.25,1,0.0,1,1,0,0.0,10.39821428171237,15.955576839107596,6.505784060128229,16.562781536322326,4.276666119016055,9.030615441029497,6.324358962381311,14.64406281221155,6.0014148779611505,0.32979,1
andromedik,andromedik,1,0,0,1,0.25,1,0.0,0,1,0,0.0,12.292254928916668,19.38766459394432,8.15908865466791,17.707330876483063,6.20455776256869,13.883170141017091,10.188704088048116,18.705859693704824,7.468513271496337,0.32969,1
of the trees,of the trees,1,0,0,1,0.25,1,0.0,0,1,0,0.0,13.334245354561496,18.79911718652193,7.43307534889858,16.835935492889124,5.69035945432406,12.396697137361691,10.025749432069084,17.538791462950133,5.849324779946859,0.32952,1
rusko,rusko,1,0,0,2,0.5,1,0.0,0,1,0,0.0,14.862829903121964,19.801962565761276,8.475120414994329,17.822843761378564,6.18826412308259,14.498607907721096,9.05321861620397,16.963963961454382,7.847762537473608,0.32918,1
kai wachi,kai wachi,0,1,1,3,0.75,0,1.0,0,1,0,0.0,13.83531416565213,19.76875389484946,8.24143968982973,17.353567151413394,5.953243334287785,13.005831808336865,9.908524844053396,18.420680753952364,8.040768994367578,0.32888,1
dual damage,dual damage,1,0,0,1,0.25,1,0.0,0,1,0,0.0,12.45293662970407,19.06253463538792,7.29505641646263,16.308716093211594,5.0106352940962555,12.230770136157428,8.481566013773087,17.560297667657167,7.8351837552667485,0.32873,1
a-trak,a-trak,0,0,0,1,0.25,0,3.0,0,1,0,0.0,15.884901890053229,21.682616058664156,10.413342705547674,19.667713040612313,7.623153068476902,17.11134746100564,12.520887034998584,20.478643255232218,9.581972891547895,0.32809,1
netsky,netsky,1,0,1,2,0.5,1,0.0,0,1,0,0.0,14.74373025596054,21.04534933684016,9.433563920090563,19.23161096461314,6.948897222313312,15.792365649373156,11.635151947212842,19.853381480273047,8.659213451436667,0.32799,1
indira paganotto,indira paganotto,0,1,0,2,0.5,0,1.0,1,1,0,0.0,14.635290829986122,18.014215135510618,7.508787170634276,17.590567731255042,6.222576268071369,12.476103599529845,9.14782646658694,17.847979734198784,6.806829360392176,0.32782,1
cid,cid,0,0,1,2,0.5,0,2.0,0,1,0,19.0,12.876465396508989,21.008444779931953,9.97119292889014,19.79944684117036,7.095064377287131,15.674928831429373,11.18859323930985,19.67914173640328,9.729193687429404,0.3278,1
torren foot,torren foot,1,0,0,2,0.5,1,0.0,0,1,0,0.0,11.820417517632333,19.019517250535575,8.757311846936409,18.440483381052463,6.68586094706836,14.316286451937186,11.81303746480054,20.76248655106123,8.029107054619736,0.32728,1
masha mar,masha mar,1,0,0,2,0.5,1,0.0,1,1,0,0.0,9.472781556562168,12.969214528909768,4.709530201312334,14.53821702620254,2.4849066497880004,7.05617528410041,2.833213344056216,7.893572073504902,2.70805020110221,0.32723,1
calussa,calussa,1,1,0,2,0.5,2,0.0,1,1,0,0.0,11.110969193687714,17.88282646492174,8.248790733696413,17.949075849365297,5.84354441703136,13.3374763699232,9.358846580275406,17.56736483471378,7.741099090035366,0.32706,1
wakyin,wakyin,1,0,0,1,0.25,1,0.0,0,1,0,0.0,12.133507329024972,19.20000562534052,8.402231172946555,18.127651078578815,6.20455776256869,14.227620871042545,12.049424683420916,20.772056002068226,6.226536669287466,0.32677,1
marie vaunt,marie vaunt,1,0,0,1,0.25,1,0.0,1,1,0,41.0,13.332625923631754,18.144927255541088,7.715123603632105,17.70324089131518,5.886104031450156,12.739640688812674,9.99884318585288,18.22830886342612,8.239857411018601,0.32664,1
jai wolf,jai wolf,0,0,0,1,0.25,0,3.0,0,1,0,0.0,14.19394767861579,20.6387966814081,9.220389707829185,18.65969765229688,6.729824070489475,15.11023799953124,11.87757552297847,19.424982356812237,6.668228248417403,0.32643,1
ben hemsley,ben hemsley,1,1,0,2,0.5,2,0.0,1,1,0,0.0,12.926350926565435,18.79911718652193,8.20685642839965,17.8947414992968,6.673297967767654,13.593617474489168,9.898525260706313,18.19753720513815,7.949444420250626,0.32638,1
øtta,øtta,1,0,0,1,0.25,1,0.0,0,1,0,0.0,12.400820837540556,16.082468576942105,6.447305862541213,15.003354285238329,4.68213122712422,10.344995251991222,6.077642243349034,14.363632544508476,2.6390573296152584,0.32624,1
duck sauce,duck sauce,0,0,0,1,0.25,0,3.0,0,1,0,0.0,14.151983508870948,20.682443843467823,9.38437770918244,18.878105597320356,6.75343791859778,16.028171052839518,11.445727410406752,20.452768590559348,8.511577452630602,0.32605,1
mochakk,mochakk,1,0,1,2,0.5,1,0.0,0,1,0,0.0,15.377857072508109,19.52262082603541,8.893984438939794,18.440483381052463,6.635946555686647,14.60850352598252,10.998777662206932,19.46095745914108,8.227375506834035,0.32454,1
infekt,infekt,1,0,0,1,0.25,1,0.0,0,1,0,0.0,12.91657092142417,18.127651078578815,7.282073658093465,16.357112630168974,5.135798437050262,11.203692838488005,8.297792626380861,16.562781536322326,7.872836175025724,0.32436,1
funk tribu,funk tribu,1,0,0,1,0.25,1,0.0,0,1,0,0.0,13.423949834313948,19.632621720903668,8.37816098272068,18.283714900347096,7.034387929915503,14.19394767861579,12.637858308703688,22.07910099083933,6.238324625039508,0.32425,1
eli fola,eli fola,1,0,0,1,0.25,1,0.0,1,1,0,0.0,10.480129006333248,14.478199046503295,6.311734809152915,16.372737946851277,4.59511985013459,10.207325906555994,6.345636360828596,14.735793709514262,5.986452005284438,0.32422,1
sota,sota,1,0,0,1,0.25,1,0.0,0,1,0,0.0,10.815790343132422,17.6867115897055,7.245655067594536,16.204273438942487,5.424950017481403,12.08391066125752,7.848153086199526,17.226658303482896,7.063903961472068,0.32392,1
sultan + shepard,sultan + shepard,0,0,1,2,0.5,0,2.0,0,1,0,0.0,13.937729075643883,20.6999972110306,9.441531454869692,19.123778260315973,7.071573364211532,15.848908292032746,11.143324481431074,18.603002309079653,9.314790473332646,0.32367,1
gareth emery,gareth emery,0,0,1,1,0.25,0,2.0,0,1,1,0.0,15.19930203949258,20.92211669651125,9.030615441029497,18.430631084706523,6.976348070447749,15.505606557917655,12.487488878546143,19.53909566318463,9.741027444837728,0.32345,1
tale of us,tale of us,0,0,0,1,0.25,0,3.0,0,1,0,0.0,15.04222314251479,19.58070166388391,8.961237781491876,18.02615559071933,6.93537044601511,14.735793709514262,9.546884034617923,17.87076774880935,8.75115798136203,0.3231,1
sarah de warren,sarah de warren,1,0,0,1,0.25,1,0.0,1,1,0,0.0,12.100717685412471,19.71814389409788,9.417435838868784,19.478471041572444,7.086737934510577,14.24729362374025,13.46169010750836,21.11530792539811,8.963160242833732,0.32264,1
levity,levity,1,0,0,1,0.25,1,0.0,0,1,0,0.0,13.522482219667571,18.619531610894253,7.369600720526409,17.619948374984197,5.41610040220442,12.206077645517674,9.510519035757246,18.17093652367795,6.905753276311464,0.32247,1
coco and breezy,coco & breezy,0,0,0,0,0.0,0,99.0,0,0,0,0.0,12.7854938618783,18.08939504794603,7.868254265520613,18.38608930953471,5.8888779583328805,12.310437165348777,8.734881892047483,17.14413728263389,5.953243334287785,0.32243,1
alan walker,alan walker,0,0,0,1,0.25,0,3.0,1,1,1,0.0,18.705859693704824,24.20142425977556,11.10045084755119,20.752824640158828,8.38022733634308,18.819456870621146,17.14413728263389,24.52992832673895,9.278092474027002,0.32204,1
truth,truth,1,0,0,1,0.25,1,0.0,0,1,0,0.0,13.010316110729669,17.997560715872655,7.191429330036379,15.575091300945118,5.407171771460119,12.250094315624496,8.796490207333578,17.98835819708264,6.551080335043404,0.32168,1
headhunterz,headhunterz,0,0,0,1,0.25,0,3.0,1,1,0,0.0,15.315133827605427,21.02337043013749,9.332646496360152,17.916499679461335,6.684611727667927,15.369435971884585,11.476271853988816,19.20913810886209,9.65509029374725,0.32062,1
clara cuvé,clara cuvé,1,0,0,1,0.25,1,0.0,0,1,0,0.0,11.252871529635922,14.576316854287644,5.631211781821365,14.648420115681892,4.382026634673881,8.496582237512113,3.8918202981106265,10.434145214930489,3.218875824868201,0.32042,1
zeds dead,zeds dead,0,0,1,2,0.5,0,2.0,0,1,0,0.0,16.13789837629371,21.299879201812203,9.48804786328076,19.024996716270177,6.792344427470809,15.511126350125648,11.470028402317832,19.24485619130468,9.092907275084087,0.32032,1
fcukers,fcukers,1,0,0,1,0.25,1,0.0,0,1,0,0.0,12.33270970174018,17.41282284594998,7.671360923190644,18.02169460194191,5.680172609017068,12.460718739865236,7.958576903813898,16.91108821173685,5.176149732573829,0.31953,1
ahmed spins,ahmed spins,1,0,0,1,0.25,1,0.0,0,1,0,0.0,12.624786269856632,19.046619180166456,8.277411998949004,17.68462608325797,6.625392368007956,15.348067642045114,13.617060838751888,20.620125079135544,5.945420608606575,0.31943,1
distinct motive,distinct motive,1,0,0,1,0.25,1,0.0,0,1,0,0.0,11.798111925972618,16.636889503897294,6.040254711277414,15.142585824676148,4.736198448394496,12.33270970174018,8.748463629942055,17.555558322405577,6.118097198041348,0.31923,1
linska,linska,1,0,0,1,0.25,1,0.0,0,1,0,0.0,11.686887175419702,16.759949589762293,7.284820912568604,17.780126032486923,4.718498871295094,12.06105265381003,8.239857411018601,16.59432989206649,6.855408798609928,0.3191,1
maz,maz,1,0,0,1,0.25,1,0.0,0,1,0,0.0,13.608487618541492,19.602407942398468,0.0,0.0,14.876767406109316,12.45293662970407,20.49007195104133,0.0,0.0,0.31908,1
riot ten,riot ten,1,0,1,3,0.75,1,0.0,1,1,0,0.0,13.928840136128022,19.450300164704952,8.464214266625351,18.260512003536633,6.573680166960646,13.317931805683791,14.751604309291396,22.95004921663205,8.571870752706934,0.31893,1
dennis cruz,dennis cruz,1,0,0,2,0.5,1,0.0,0,1,0,0.0,13.745089166628526,19.190788970278067,8.831857935197906,17.725531580761828,6.652863029353347,14.933925800725897,10.177362240256697,18.17093652367795,9.314790473332646,0.31862,1
jon casey,jon casey,1,1,0,2,0.5,2,0.0,1,1,0,0.0,11.635151947212842,17.206657637442962,7.268920128193722,17.376556668977415,5.6240175061873385,11.013715451376466,7.280697195384741,16.077273760604726,7.004881989712859,0.31861,1
disco dom,disco dom,1,0,0,1,0.25,1,0.0,1,1,0,0.0,9.942756341456828,15.479436845076366,6.315358001522335,15.974225396012052,4.356708826689592,10.732061203925053,5.926926025970411,13.989464705423494,5.313205979041787,0.3184,1
prospa,prospa,1,0,0,1,0.25,1,0.0,0,1,0,0.0,12.791080452981856,19.360688006350088,8.933004591578547,18.8906843794481,6.61472560020376,14.48334044336031,10.064798252418376,18.683045016112164,8.441607204459642,0.3183,1
ydg,ydg,1,0,0,1,0.25,1,0.0,0,1,0,0.0,12.468440756144114,19.24485619130468,8.108623268354595,17.798923578101068,6.75343791859778,13.883170141017091,12.01974909141692,20.181981007413924,7.234177179749849,0.31762,1
oppidan,oppidan,1,0,0,1,0.25,1,0.0,0,1,0,0.0,12.28765724080691,17.747336210296442,7.658227526161352,17.68879275586601,5.796057750765372,12.36308066783498,8.263848131368906,16.920097281273396,7.585788821732034,0.31748,1
tinlicker,tinlicker,0,0,0,1,0.25,0,3.0,0,1,0,0.0,13.81451105863119,21.359842666547063,9.792611856190192,19.43952806776172,7.57353126274595,16.15731646026544,13.22672519452875,20.809443534104897,9.23024103368252,0.31722,1
creeds,creeds,0,1,0,1,0.25,0,1.0,1,1,0,0.0,13.032440858057756,20.523594643038344,9.20230820027892,19.181486577659022,7.402451520818244,15.469922027245676,13.972515161474428,22.012498485498657,7.530479995245536,0.31719,1
wildstylez,wildstylez,0,0,0,1,0.25,0,3.0,1,1,0,0.0,14.310207409556291,20.49007195104133,9.10464646741712,18.0935646161248,6.53813982376767,14.830741600012107,11.944714374881176,19.737088980289055,9.39274525863144,0.31718,1
slugg,slugg,1,0,0,1,0.25,1,0.0,1,1,0,0.0,10.2328272702548,14.897316067298997,6.1224928095143865,15.317363482435562,4.31748811353631,10.640675541671662,6.068425588244111,14.093143052138023,6.20455776256869,0.31697,1
sarz,sarz,1,0,0,1,0.25,1,0.0,0,1,0,0.0,14.674172600730516,21.193269466817146,0.0,18.57768450130904,7.223295679562314,16.275099485238066,13.140205260167273,20.589734445464742,5.170483995038151,0.31678,1
le youth,le youth,1,0,1,2,0.5,1,0.0,1,1,0,0.0,13.46169010750836,21.000897574302268,9.60918360377546,19.11382792951231,7.411556287811163,15.947307448601991,12.460718739865236,20.415381058537655,7.928766321626696,0.31624,1
omnom,omnom,1,0,0,1,0.25,1,0.0,0,1,1,0.0,11.918397239722838,18.400478046838927,8.335191583433202,18.440483381052463,5.905361848054571,12.962196972666591,9.472781556562168,18.212425817447176,8.030084094267563,0.31603,1
mesa and boss,mesa & boss,0,0,0,0,0.0,0,99.0,0,0,0,0.0,10.292179440058462,16.266515742283485,6.927557906278317,17.189679301485086,3.713572066704308,9.60918360377546,6.272877006546167,16.185754392890075,6.398594934535208,0.31508,1
kromi,kromi,1,0,0,1,0.25,1,0.0,1,1,0,0.0,8.509564164251746,15.708622672055014,6.6039438246004725,16.61887099947687,4.709530201312334,11.95761769646754,15.592156558587003,21.97029813102015,5.814130531825066,0.31508,1
dylan brady,dylan brady,1,0,0,1,0.25,1,0.0,0,1,0,0.0,12.969214528909768,20.56778093527424,9.035510680940524,18.65969765229688,6.660575149839686,14.207553321415745,12.319405795112926,19.96824325479604,6.298949246855942,0.3148,1
champion,champion,1,0,0,1,0.25,1,0.0,0,1,0,0.0,11.599112335481124,17.811874730208523,7.996653875462608,17.886245271612086,6.349138991379798,12.721888795877376,8.436200032206706,18.04961707705429,7.326465613840322,0.31456,1
eliminate,eliminate,0,0,1,1,0.25,0,2.0,0,1,0,0.0,14.062371417145494,18.974565862925928,8.16735198705607,17.46616882523204,6.040254711277414,13.073175234051686,9.90353755128617,18.560442695023177,8.319229938632326,0.31438,1
honeyluv,honeyluv,0,1,0,2,0.5,0,1.0,0,1,0,0.0,12.025755079404917,18.096334700960252,8.160232492367689,18.16836582820789,6.171700597410915,13.815511557963774,12.502470376049184,17.932920409404016,7.888709524182015,0.31346,1
atb,atb,0,0,0,1,0.25,0,3.0,0,1,0,0.0,15.121137287019383,21.59455920330824,10.098272780745283,20.08271110840317,7.67693714581808,17.030378401595577,12.863595239117188,20.336131686995724,8.484669999710677,0.31283,1
dennis ferrer,dennis ferrer,0,0,1,1,0.25,0,2.0,0,1,0,0.0,13.749371823835228,19.776515900164867,9.167537249650874,18.37568338848188,6.796823718274855,16.02268557616466,10.401258331428318,19.098714291778403,9.34145634983372,0.3128,1
country night,country night,1,0,0,1,0.25,1,0.0,1,1,0,0.0,11.279744203985432,16.785925074816024,5.198497031265826,14.686804342317648,4.454347296253507,10.357774570341576,7.554334823725748,16.733281344102608,0.6931471805599453,0.31275,1
gem and tauri,gem & tauri,0,0,0,0,0.0,0,99.0,0,0,0,0.0,10.4193305681139,16.021584860709627,6.09807428216624,15.523888599412684,5.220355825078324,10.328787967145065,6.066108090103747,13.981025843899117,5.402677381872279,0.31232,1
marsh,marsh,0,1,0,1,0.25,0,1.0,0,1,0,6.0,12.969214528909768,19.328939308161516,8.551401362745974,18.08520802165025,6.948897222313312,14.462614323582883,10.801634680173994,19.190788970278067,9.11085147347544,0.31213,1
black tiger sex machine,black tiger sex machine,1,0,1,2,0.5,1,0.0,1,1,0,0.0,14.253766134056512,19.283570703318816,8.086410275323782,17.44781968704484,5.187385805840755,12.90669432231532,10.038935856711175,18.039420339182307,7.544861068658458,0.31147,1
yoji biomehanika,yoji biomehanika,1,0,0,1,0.25,1,0.0,1,1,0,0.0,10.93133754807084,15.641671614940243,5.932245187448011,15.056779436051206,5.14166355650266,9.561067663645012,5.84354441703136,12.133507329024972,6.246106765481563,0.31144,1
simula,simula,1,0,0,1,0.25,1,0.0,0,1,0,0.0,12.211065162153217,19.176802728368536,8.164510268747042,16.86478364583966,6.371611847231857,13.28448392755959,9.83633227734872,18.413656139085894,7.288244401020124,0.31132,1
castor and pollux,castor & pollux,0,0,0,0,0.0,0,99.0,0,0,0,0.0,11.038126355768451,16.116093748488044,7.062191632286556,17.278116599103036,4.127134385045092,10.485731104959568,6.499787040655854,14.53335035111459,6.761572768804055,0.31131,1
brody jenner,brody jenner,1,0,0,1,0.25,1,0.0,1,1,1,0.0,15.1764873675101,14.866332532446323,6.054439346269371,16.575520561288332,2.70805020110221,8.569975376855206,7.734996194022781,15.308414878861498,3.912023005428146,0.31109,1
borgore,borgore,0,0,1,2,0.5,0,2.0,0,1,0,0.0,15.977683612316367,20.977908056095185,8.939974177289633,18.03059675265355,6.470799503782602,15.315133827605427,10.843514342086866,19.019517250535575,8.790573479157159,0.31087,1
gesaffelstein,gesaffelstein,1,0,0,1,0.25,1,0.0,0,1,0,0.0,14.92736840232972,22.360318916608037,10.288783966353764,19.897729470623823,7.919719760924575,16.749367480991666,14.285514812209817,23.182854678835593,8.010359588919783,0.31077,1
dj gigola,dj gigola,1,0,0,1,0.25,1,0.0,0,1,0,0.0,12.45293662970407,17.63760887774627,7.464509834636528,17.546011710749845,5.631211781821365,12.425212191503038,8.13739583005665,16.733281344102608,5.3612921657094255,0.31074,1
marshmello,marshmello,0,0,1,1,0.25,0,2.0,0,1,1,0.0,18.997294113874336,24.414642171283873,11.571203807011967,21.193269466817146,8.568836424568076,18.450239555902648,16.624913313567735,24.323314077381053,9.29660980712836,0.31065,1
trivecta,trivecta,1,0,0,1,0.25,1,0.0,0,1,0,0.0,12.69771850797869,19.39900687050537,8.359134886757962,17.879395929883795,6.29156913955832,13.232116033476537,10.173552856959745,18.211193531416097,7.831617276352611,0.30984,1
andrew bayer,andrew bayer,0,1,0,1,0.25,0,1.0,0,1,0,0.0,13.19189130572284,18.903106899369497,8.216898580913613,17.842646388318236,6.665683717782408,14.493544608328255,10.416341118636357,19.36847014676186,9.239996256883693,0.30973,1
cat dealers,cat dealers,0,0,0,1,0.25,0,3.0,1,1,0,0.0,14.866332532446323,21.205691986807988,9.83097062169695,19.61762893636249,7.151485463904735,15.89620144388848,13.464535055593716,21.09482939406855,8.661120360222881,0.30969,1
malugi,malugi,1,0,0,1,0.25,1,0.0,0,1,0,0.0,12.51723073716405,18.053955478590147,7.580699752224563,17.77250694815561,5.793013608384144,12.417147664184917,8.014996894348302,16.87890152672105,6.51471269087253,0.30963,1
anfisa letyago,anfisa letyago,0,0,0,1,0.25,0,3.0,0,1,0,0.0,14.699278511355924,17.626607666926354,7.879669914604289,17.546011710749845,6.423246963533519,12.563750586299374,8.71292443512011,16.86951178681205,7.333023014386481,0.30958,1
adam ten,adam ten,1,0,0,1,0.25,1,0.0,0,1,0,0.0,12.429220196836384,18.27218074723485,8.439231649946526,17.971263763989,6.60934924316738,14.33430494661736,9.989711119284744,18.420680753952364,8.432724034789787,0.30957,1
telykast,telykast,0,0,0,1,0.25,0,3.0,0,1,0,0.0,13.296318365198625,19.935807979113022,8.984944285608679,19.240460579850964,6.664409020350408,14.006131744018864,12.901719200051184,21.29424538409712,7.193685818395112,0.30921,1
fury,fury,0,1,1,3,0.75,0,1.0,0,1,0,0.0,10.434145214930489,15.739759356223798,0.0,14.24729362374025,5.673323267171493,0.0,12.240478903153711,0.0,0.0,0.3092,1
gabriel and dresden,gabriel & dresden,0,0,0,0,0.0,0,99.0,0,0,0,0.0,13.22672519452875,19.435911427304617,8.471149252914831,17.931290417219653,6.5998704992128365,14.869822936167798,9.472781556562168,17.034386422832473,9.314790473332646,0.30895,1
junkie kid,junkie kid,0,0,0,1,0.25,0,3.0,0,1,0,0.0,13.21767537538882,19.06253463538792,8.026823576217629,17.259128687459263,6.1070228877422545,13.561909087824318,12.201065128819632,20.310776115411855,7.903596289614301,0.30868,1
33 below,33 below,1,0,0,1,0.25,1,0.0,0,1,0,0.0,11.918397239722838,17.81003480332037,7.465082736399547,17.626607666926354,5.44673737166631,11.6262630788088,7.171656822768514,15.952041184691984,6.111467339502679,0.3079,1
bicep,bicep,1,0,0,1,0.25,1,0.0,1,1,0,0.0,14.94368197249847,21.02337043013749,9.635673464721814,18.92145603792546,7.436027816351848,16.051955955291376,12.601490784782536,21.436215645292737,8.824383730256061,0.30769,1
good times ahead,good times ahead,0,0,0,1,0.25,0,3.0,1,1,0,0.0,14.47303107901565,21.000897574302268,9.873079890114704,19.123778260315973,7.072421900537371,16.530205368010318,11.101960259016469,19.443131675252033,9.908524844053396,0.30765,1
lady sinclair,lady sinclair,1,0,1,3,0.75,1,0.0,1,1,0,0.0,9.433563920090563,11.81303746480054,4.143134726391533,14.503645699213113,1.6094379124341005,7.195937226475569,4.532599493153256,12.881567435377423,3.1780538303479458,0.30755,1
skepta,skepta,1,0,0,1,0.25,1,0.0,1,1,0,0.0,16.15731646026544,22.857432278315493,10.747229096720554,20.278540016445007,8.16876982367527,17.140546614632086,14.340239678615058,22.748779036732618,8.196987927258897,0.30738,1
classmatic,classmatic,1,0,0,1,0.25,1,0.0,0,1,0,0.0,12.06105265381003,17.04235459216419,7.565793282428515,16.489659276356317,5.8916442118257715,12.90917263218775,8.567506005289827,17.02635425145779,7.896924656268864,0.30713,1
grimes,grimes,0,0,0,1,0.25,0,3.0,0,1,0,0.0,16.249124001084017,21.864298841817963,10.25769445336048,19.632621720903668,7.625595072132453,16.060466644053882,13.67854584967945,22.818826760629133,7.495541943884256,0.30712,1
tom and collins,tom & collins,0,0,0,0,0.0,0,99.0,0,0,0,0.0,13.329379172803591,18.65179247285226,8.545780648268149,18.497641794347754,6.137727054086234,13.568331709230735,9.198470199405696,18.0977168711681,7.958227192322312,0.30623,1
lane 8,lane 8,0,0,1,1,0.25,0,2.0,0,1,1,0.0,14.166168133802548,21.0159354516555,9.503084610020228,18.96300504059168,7.183870715062453,15.469922027245676,13.440091026807504,21.401299380203923,8.920923462230686,0.30586,1
kompany,kompany,1,0,0,2,0.5,1,0.0,0,1,0,0.0,13.279368835614244,18.812722838485147,8.064636475774222,17.665658180950928,5.91350300563827,12.483708170000067,9.042631527550071,17.546011710749845,8.711607995897575,0.30576,1
ray volpe,ray volpe,1,0,1,2,0.5,1,0.0,1,1,0,0.0,13.928840136128022,19.406497542206473,8.239329427901795,17.50688691721445,6.320768294250582,13.230322314239944,11.091346218718432,18.749984498289212,8.981052985901483,0.30483,1
gravedgr,gravedgr,0,1,0,1,0.25,0,1.0,0,1,0,0.0,12.574185427296197,18.878105597320356,8.247220052745229,17.877676239033843,6.073044534100405,12.904209855160254,14.436087583323648,21.426363348854576,7.244941546337007,0.30463,1
hot since 82,hot since 82,1,0,1,2,0.5,1,0.0,0,1,0,0.0,14.782494784382012,19.737088980289055,9.100971834920818,18.488339401771977,6.887552571664617,15.226497531674536,9.980494888896912,18.402516783507995,9.62911649414402,0.3041,1
1991,1991,0,0,0,1,0.25,0,3.0,0,1,0,0.0,12.59133844767558,19.816925438400673,8.750524669117937,18.34811006187022,6.255750041753367,13.654168582642953,10.889323003601277,19.39145966489847,7.979681302387741,0.30409,1
sullivan king,sullivan king,1,0,1,2,0.5,1,0.0,1,1,1,0.0,14.63968643952702,20.080811772603123,8.525359754082631,17.856805916671252,6.386879319362645,13.578522867254332,11.60824473564232,19.68480747392291,8.685922794690725,0.30365,1
soothslayer,soothslayer,1,0,0,2,0.5,1,0.0,1,1,0,0.0,8.416930769477844,13.19189130572284,3.6635616461296463,13.854732232655556,2.8903717578961645,6.2324480165505225,2.1972245773362196,8.631771096123673,2.995732273553991,0.30327,1
hybrid minds,hybrid minds,0,0,0,1,0.25,0,3.0,0,1,0,0.0,13.799382192294036,20.465789607845355,8.5814816812986,17.904842595113248,6.9167150203536085,14.467836264837162,10.207325906555994,18.151493267225753,7.461640392208575,0.30304,1
alleycvt,alleycvt,1,0,1,2,0.5,1,0.0,0,1,0,0.0,13.356646255406224,18.258161826219297,7.037905963447182,16.929025911619092,4.882801922586371,11.49273296168228,9.746892220313054,18.065433366270153,6.133398042996649,0.30291,1
x club.,x club.,1,0,0,1,0.25,1,0.0,0,1,0,0.0,12.160033942617156,17.423722136111028,7.522400231387125,17.471350183839803,5.986452005284438,12.549665896013254,8.664232934065552,17.38222240635259,6.418364935936212,0.30281,1
chase and status,chase & status,0,0,0,0,0.0,0,99.0,0,0,0,0.0,15.654471787659125,21.57341676674337,9.648659816955297,19.30857200542005,7.364547014255642,16.41820031748273,12.54254845357358,20.642055782605468,9.083415678402517,0.3019,1
cristoph,cristoph,0,1,0,1,0.25,0,1.0,0,1,0,0.0,12.73670383776449,19.848596782161156,9.23024103368252,18.92145603792546,7.050989447068045,15.118423581884208,10.090008612393838,17.793321322657015,9.45727857185611,0.30165,1
alves,alves,1,0,0,1,0.25,1,0.0,1,1,0,0.0,10.34177474101152,14.108180918195472,5.62040086571715,15.71163019266671,4.060443010546419,10.360944044643912,5.14166355650266,14.678400935052151,5.493061443340548,0.30034,1
muzz,muzz,0,0,0,1,0.25,0,3.0,0,1,0,0.0,12.765691290604371,19.53253826265997,8.399085102935908,17.085079535170806,5.8998973535824915,13.4269040418477,10.34177474101152,18.560442695023177,7.575071699507561,0.30024,1
xandra,xandra,1,0,0,1,0.25,1,0.0,0,1,0,0.0,6.660575149839686,13.197472705176985,3.091042453358316,9.975854724662028,2.995732273553991,7.476472381163905,4.897839799950911,9.45727857185611,1.9459101490553132,0.29974,1
dj fuckoff,dj fuckoff,1,0,0,1,0.25,1,0.0,1,1,0,0.0,11.433893080082036,14.69513772040451,5.796057750765372,15.099218607317336,4.343805421853684,9.39274525863144,5.786897381366708,12.666660207428574,3.49650756146648,0.29922,1
mike posner,mike posner,1,0,0,1,0.25,1,0.0,1,1,0,0.0,16.536806051605975,23.019832857715496,10.628641991731053,20.069339371462824,7.764296006450518,17.886245271612086,16.8261314932731,22.506657056672015,6.963189985870238,0.29905,1
sonny fodera,sonny fodera,0,0,1,1,0.25,0,2.0,0,1,0,0.0,14.72376952136689,21.44110563009673,10.138599199626192,19.831667720101652,7.357556200910353,16.24031337217814,12.618185607609805,20.498871504982112,9.852246888342531,0.29904,1
airrica,airrica,1,0,0,1,0.25,1,0.0,1,1,0,0.0,10.413342705547674,14.414347608503377,5.948034989180646,16.077273760604726,3.7612001156935624,9.34145634983372,4.997212273764115,13.04115549117383,5.198497031265826,0.29875,1
wes mills,wes mills,1,0,0,1,0.25,1,0.0,1,1,0,0.0,11.542493975902508,17.296750678069195,7.1569563646156364,17.423722136111028,4.983606621708336,10.064798252418376,7.0925737159746784,16.0422940454169,4.770684624465665,0.29759,1
kieran san jose,kieran san jose,1,0,0,1,0.25,1,0.0,1,1,0,0.0,9.588845298501564,14.363632544508476,5.869296913133774,15.233788207067937,3.5263605246161616,9.87822102528824,5.652489180268651,13.80141264778304,5.808142489980444,0.29715,1
hanz,hanz,1,0,0,1,0.25,1,0.0,1,1,0,0.0,11.203692838488005,17.837284445272687,7.330405211844402,17.154832571369333,5.799092654460526,10.563620718477312,6.873163834212518,15.77701294242639,3.332204510175204,0.29712,1
oddly godly,oddly godly,1,0,0,1,0.25,1,0.0,1,1,0,0.0,8.688790784847216,14.408837955728044,5.568344503761097,14.621986870259695,3.688879454113936,9.809231816610408,8.698847859222488,15.04222314251479,4.68213122712422,0.29663,1
da capo,da capo,1,0,0,1,0.25,1,0.0,1,1,0,0.0,14.310207409556291,18.3296613565181,7.931284761525891,16.87421767762801,6.706862336602747,15.226497531674536,10.382822509210747,18.643824303266577,7.8547691834991324,0.2963,1
carlita,carlita,1,0,0,1,0.25,1,0.0,0,1,0,0.0,13.049794835104816,18.560442695023177,8.67709870892586,18.6983124881264,6.342121418721152,13.447342679685468,9.062652099076578,17.597424900824443,7.668561108015897,0.29629,1
invt,invt,1,0,0,1,0.25,1,0.0,1,1,0,0.0,10.978507040265916,15.10749451433816,6.418364935936212,15.475641774827944,5.484796933490655,10.827766295132466,6.45833828334479,13.712370907691596,5.720311776607412,0.2962,1
malaa,malaa,0,0,1,1,0.25,0,2.0,0,1,0,0.0,14.014362236381237,21.854667948760092,9.287394001418471,18.812722838485147,6.776506992372183,14.969242461310827,11.05881093278828,20.34054021727401,9.259225769705994,0.29617,1
delta heavy,delta heavy,0,0,0,1,0.25,0,3.0,0,1,0,0.0,13.989464705423494,20.11077656124894,8.540909718033554,17.453096744006448,6.285998094508865,13.8924725250259,9.268703615273097,17.562658943787092,8.240385115516334,0.29607,1
amal nemer,amal nemer,1,0,0,1,0.25,1,0.0,1,1,0,0.0,12.999067423500716,16.166885910365842,7.248504072370611,16.83104550783405,5.062595033026967,12.235636302128867,10.698762529141884,18.183691798490372,6.773080375655535,0.29602,1
ship wrek,ship wrek,0,0,1,1,0.25,0,2.0,0,1,0,0.0,13.060490101343552,20.148790187880163,9.433563920090563,19.413932520666354,6.78897174299217,14.997238060091307,11.87757552297847,20.330223250318287,8.53503310954457,0.29541,1
omri.,omri.,1,0,0,1,0.25,1,0.0,1,1,0,0.0,11.199597325534862,16.128046080821385,7.098375638590786,16.308716093211594,5.159055299214529,12.479913113434042,7.363913501405819,16.231424425551033,7.089243155027514,0.29522,1
allenora,allenora,1,0,0,1,0.25,1,0.0,0,0,0,0.0,8.07246736935477,10.16972890675306,1.9459101490553132,8.410943391573527,0.6931471805599453,2.6390573296152584,1.791759469228055,4.795790545596741,0.6931471805599453,0.29522,1
mitis,mitis,0,1,0,2,0.5,0,1.0,0,1,0,0.0,13.624351263156136,20.0058259658666,8.275885669474356,17.40732832678329,6.0473721790462776,13.428377879293798,9.517898598432753,17.062001588775953,6.831953565565855,0.29471,1
vnssa,vnssa,1,0,0,1,0.25,1,0.0,0,1,0,0.0,11.798111925972618,17.32406648788705,7.983781068977451,17.75709238505144,6.1903154058531475,12.754196944209095,8.366835309827675,17.359364268929685,7.86172707782398,0.29458,1
todd terry,todd terry,0,0,1,1,0.25,0,2.0,1,1,0,0.0,13.573440270649083,20.370867451197412,9.674137279312395,19.046619180166456,7.353722330399632,16.440179222591198,11.46374572492597,19.904555435678695,9.862717639992916,0.2935,1
haai,haai,0,1,0,1,0.25,0,1.0,0,1,0,0.0,12.688501881189456,18.239158879319383,8.283241441385425,18.182423567518462,6.16541785423142,12.779875885354992,12.025755079404917,18.53400943818794,6.400257445308821,0.29311,1
kettama,kettama,0,0,1,1,0.25,0,2.0,0,1,0,0.0,13.671641342278315,19.406497542206473,8.619208116822968,18.430631084706523,6.591673732008658,13.545014620881725,10.7706090484022,19.275096076363752,7.768533300926033,0.29272,1
lsdream,lsdream,0,1,0,1,0.25,0,1.0,0,1,0,0.0,13.463113593266897,19.083368722182243,7.80954132465341,17.05418904934434,5.545177444479562,12.739640688812674,10.87049040995193,18.3777732533795,7.318539548567902,0.29264,1
vastive,vastive,1,0,0,1,0.25,1,0.0,1,1,0,0.0,11.466891997618188,17.278116599103036,6.748759547491679,16.447399470043365,5.220355825078324,10.789339695269716,9.23024103368252,16.775615705688583,7.380879035564116,0.29224,1
doozie,doozie,1,0,0,1,0.25,1,0.0,1,1,0,0.0,13.120363378739665,17.182806422433504,7.4318919168078,17.36799741582595,5.568344503761097,12.476103599529845,11.635151947212842,19.836533909740982,5.634789603169249,0.29214,1
i hate models,i hate models,1,0,1,3,0.75,1,0.0,1,1,0,0.0,14.45736497045232,18.627694921466773,8.09132127353041,17.30288566644852,6.156978985585555,13.493928313146206,9.723223876851618,17.8947414992968,5.976350909297934,0.29151,1
tdj,tdj,1,0,0,1,0.25,1,0.0,1,1,0,0.0,10.86858749601736,16.933460508490302,7.114769448366463,16.924571561468124,5.638354669333745,10.703266939811954,6.5638555265321274,13.82546187891596,4.709530201312334,0.29147,1
duke dumont,duke dumont,0,0,1,1,0.25,0,2.0,0,1,1,0.0,15.576810991528912,22.036989505500284,10.428245666832275,19.806975107572256,7.67368812926773,17.239773245130714,12.691583538230216,20.063553434406938,9.195125206169704,0.29119,1
caravel,caravel,1,0,0,1,0.25,1,0.0,1,1,0,0.0,11.744045122410055,15.276448694098464,6.253828811575473,15.324022773047329,4.394449154672439,9.510519035757246,5.8377304471659395,12.896719202134523,4.8283137373023015,0.29106,1
a shade of black,a shade of black,0,1,0,1,0.25,0,1.0,0,0,0,0.0,0.0,9.62251624577579,0.0,9.305741456739437,2.0794415416798357,0.0,0.0,0.0,0.0,0.29091,1
hex cougar,hex cougar,1,0,0,1,0.25,1,0.0,1,1,0,0.0,11.995357787034976,18.749984498289212,7.903596289614301,17.442514634955867,5.5053315359323625,12.866182555987908,9.6678285081515,18.85246316687141,7.1308988302963465,0.29087,1
ricky retro,ricky retro,1,0,0,1,0.25,1,0.0,1,1,0,0.0,13.282781802386296,17.819200770166418,7.283448228756631,18.04961707705429,5.723585101952381,11.91170829631447,9.472781556562168,18.50685844936773,5.135798437050262,0.29062,1
ben böhmer,ben böhmer,0,0,0,1,0.25,0,3.0,1,1,0,0.0,14.690979711984754,21.052569584808435,9.441531454869692,18.77133762260779,7.179307969504034,15.536490024022145,11.964007453736912,20.057733825364963,8.769351707798972,0.29046,1
kitty amor,kitty amor,1,0,0,1,0.25,1,0.0,1,1,0,0.0,10.86477077032911,15.10198486004501,6.546785410760524,16.5563506464056,5.181783550292085,11.661354090741,6.556778356158042,14.291745358078463,6.660575149839686,0.29041,1
san pacho,san pacho,0,1,1,2,0.5,0,1.0,0,1,0,9.0,12.413090879946887,19.17209683735327,8.560827228436299,18.300770458553764,6.413458957167357,14.062371417145494,11.352768449837727,19.108815387713893,8.527737405291909,0.29003,1
isoxo,isoxo,1,0,0,1,0.25,1,0.0,0,1,0,0.0,13.023649611968253,18.9688021582424,8.078998258685154,17.985271774927078,6.093569770045136,12.847929163278051,9.674137279312395,18.34703421454833,8.802672840312818,0.28947,1
odd language,odd language,1,0,0,1,0.25,1,0.0,1,1,0,0.0,9.803722464346553,14.917450968950916,5.733341276897746,15.920863603231282,3.332204510175204,8.1797604936999,4.941642422609304,11.571203807011967,4.290459441148391,0.2894,1
walker and royce,walker & royce,0,0,0,0,0.0,0,99.0,0,0,0,0.0,12.95749109270188,18.7922443072814,8.738094230177667,18.387123970764783,6.584791392385716,14.137594781770806,9.195226734166134,18.104599210696307,8.805075243870684,0.28893,1
silcrow,silcrow,1,0,0,1,0.25,1,0.0,1,1,0,0.0,9.401043372798052,15.807486210288474,5.733341276897746,14.99108419641044,4.48863636973214,10.797553125151618,5.4680601411351315,13.58231793342203,5.087596335232384,0.28889,1
mph,mph,1,0,0,1,0.25,1,0.0,0,1,0,0.0,12.250094315624496,18.420680753952364,8.248790733696413,18.151493267225753,6.255750041753367,12.959846800844964,8.382975849296429,16.98938905874274,8.483843211734683,0.28866,1
reza,reza,1,0,0,1,0.25,1,0.0,1,1,0,0.0,8.3654396361887,14.89392047945086,6.453624998892692,16.316946591670696,5.159055299214529,11.669937760751914,6.424869023905388,12.999067423500716,7.635786861395585,0.28854,1
hamdi,hamdi,0,1,1,2,0.5,0,1.0,0,1,0,0.0,13.085701467719382,18.57768450130904,8.206583614320753,18.131664461838582,6.637258031284457,13.46169010750836,10.25769445336048,18.980296537602072,8.126813720726114,0.2881,1
david forbes,david forbes,1,0,0,1,0.25,1,0.0,1,1,0,67.0,11.203692838488005,17.344807971579257,7.557994958530806,16.447399470043365,6.159095388491933,13.725586944527592,7.97728198675515,15.371547904641702,9.38437770918244,0.28701,1
armand van helden,armand van helden,1,0,0,1,0.25,1,0.0,1,1,0,0.0,14.077875591662238,21.411400476185324,10.354595018522993,19.602407942398468,7.470224135899966,17.02635425145779,12.165255859329688,20.541743961522062,9.814710982145282,0.28637,1
boris brejcha,boris brejcha,0,0,1,2,0.5,0,2.0,0,1,0,0.0,15.968434992547923,21.1806906846182,9.091444217032327,18.335122866483964,6.977281341630747,15.938968985060884,12.608202196848836,20.272280215106296,8.522578663692576,0.28624,1
recess,recess,1,0,0,1,0.25,1,0.0,1,1,0,0.0,9.278092474027002,14.89051332229012,5.683579767338681,14.528460856016356,3.4011973816621555,8.134174272137903,4.852030263919617,11.571203807011967,0.0,0.28607,1
inigma,inigma,1,0,0,1,0.25,1,0.0,1,1,0,0.0,10.146472946063875,13.955273369904273,5.093750200806762,14.862829903121964,2.8903717578961645,7.73718007783463,5.645446897643238,14.848695397181752,3.4339872044851463,0.2859,1
oden and fatzo,oden & fatzo,0,0,0,0,0.0,0,99.0,0,0,0,0.0,12.531776395271262,19.7397663580526,8.97979449089521,18.627694921466773,6.740519359606223,14.122995993006082,10.72328941021858,19.352844828919817,7.952615111651,0.28582,1
anime,anime,1,0,1,3,0.75,1,0.0,0,1,0,0.0,13.919871474189012,18.450239555902648,7.583247524303362,16.176364653421913,6.297109319933935,13.575984798046765,8.86120833720818,16.432906463791053,7.667158255319148,0.28554,1
shaded,shaded,1,0,0,1,0.25,1,0.0,1,1,0,0.0,10.652566005416872,16.111071136726284,6.8690144506657065,16.283610174181653,5.575949103146316,11.95761769646754,6.483107351457199,14.962913328262085,7.119635638017636,0.28491,1
cutdwn,cutdwn,1,0,0,1,0.25,1,0.0,1,1,0,0.0,10.292179440058462,14.711598990684092,4.770684624465665,14.322328762742185,1.791759469228055,7.24422751560335,4.844187086458591,13.034626646500053,2.302585092994046,0.28419,1
rooler,rooler,1,0,0,1,0.25,1,0.0,1,1,0,0.0,13.159661088928445,20.107079699374445,8.447199819595703,16.933460508490302,6.144185634125646,13.81049902116535,10.229223792606836,19.046619180166456,8.417814747435958,0.28396,1
angel cannon,angel cannon,1,0,0,1,0.25,1,0.0,1,1,0,0.0,10.118639253920785,16.933460508490302,7.060476365999801,16.51687183802978,4.736198448394496,11.552155793461898,7.527255919373784,16.257857680289998,5.8377304471659395,0.28353,1
lauren mia,lauren mia,1,0,0,1,0.25,1,0.0,1,1,0,0.0,11.898194668458824,16.107034804711123,7.171656822768514,16.61887099947687,5.560681631015528,10.783135046711443,6.432940092739179,14.392124484065864,6.499787040655854,0.28254,1
mer bear,mer bear,1,0,0,1,0.25,1,0.0,1,1,0,0.0,10.038935856711175,10.281958234245314,1.6094379124341005,8.34711636103872,1.0986122886681098,0.0,0.6931471805599453,0.0,0.0,0.28239,1
geo,geo,0,1,0,2,0.5,0,1.0,0,1,0,0.0,9.44943600950432,15.456447331256175,5.198497031265826,13.845070331079134,3.610917912644224,9.873079890114704,7.983781068977451,14.887094516710158,3.828641396489095,0.28239,1
dena,dena,1,0,0,1,0.25,1,0.0,1,1,0,0.0,9.056139690898885,16.341239282272525,6.4425401664681985,15.477541110270847,4.382026634673881,11.325402403776808,6.923628628138427,13.586098651497313,4.532599493153256,0.28237,1
twenty six,twenty six,1,0,0,1,0.25,1,0.0,1,1,0,0.0,11.310821520675267,19.372338623524815,8.457018468380168,18.871756369682007,6.561030665896573,14.260197020251155,14.030622744032508,22.46898136784758,7.183111701743281,0.28216,1
devault,devault,0,1,0,1,0.25,0,1.0,0,1,0,0.0,12.53897064502647,20.39753569824214,9.332646496360152,19.35677410704427,6.920671504248683,14.571633007169066,9.332646496360152,18.53400943818794,6.875232087276577,0.28216,1
aly and fila,aly & fila,0,0,0,0,0.0,0,99.0,0,0,0,0.0,14.950133605698774,19.519293035953808,8.097426298597213,17.393458479303888,6.899723107284872,14.975531788240602,9.975854724662028,17.32406648788705,9.820160289946374,0.28158,1
plsandty,pls&ty,0,0,0,0,0.0,0,99.0,0,0,0,0.0,13.366095129723815,19.26224793394093,8.636574948436317,18.488339401771977,5.820082930352362,12.955129822091816,10.360944044643912,19.90000997331735,6.745236349484363,0.28145,1
rudimental,rudimental,1,0,0,1,0.25,1,0.0,0,1,0,0.0,15.913528607916424,22.614870641295013,10.628641991731053,20.516241668742097,7.88344635413774,17.715461002401067,13.263864675787632,20.651769836315456,8.85395110151461,0.28123,1
brennan heart,brennan heart,0,0,1,1,0.25,0,2.0,1,1,0,0.0,14.674172600730516,21.101702273351588,9.44943600950432,18.92145603792546,7.044905117129371,15.191754835755884,11.293537353157436,19.28778123583743,9.305741456739437,0.28093,1
tsha,tsha,0,0,0,1,0.25,0,3.0,0,1,0,0.0,12.863595239117188,19.157844814713773,9.055089086704893,19.098714291778403,6.877296071497429,14.207553321415745,9.918425424900336,18.839391085389497,7.746300662231439,0.28075,1
caleb dent,caleb dent,1,0,0,1,0.25,1,0.0,1,1,0,0.0,9.803722464346553,13.499430382731967,5.429345628954441,15.088076433867828,3.58351893845611,8.742893471512136,5.236441962829949,13.815511557963774,5.176149732573829,0.28024,1
bryan matthew,bryan matthew,0,1,0,1,0.25,0,1.0,1,1,0,0.0,12.90917263218775,3.9889840465642745,11.013715451376466,0.0,0.6931471805599453,0.0,0.6931471805599453,12.868763195921677,0.0,0.27981,1
said the sky,said the sky,0,0,1,1,0.25,0,2.0,0,1,0,0.0,14.077875591662238,20.752824640158828,8.994296557777195,18.635792131633828,6.784457062637643,14.144815024531075,11.275949181024878,19.45741763244849,7.767687277186908,0.2794,1
billy gillies,billy gillies,1,0,1,2,0.5,1,0.0,1,1,0,0.0,13.778847610936545,19.352844828919817,8.047509510981422,18.488339401771977,6.9167150203536085,14.340239678615058,12.095146671399466,19.30857200542005,8.4040244933106,0.27933,1
