year,artist
2024,1080p
2024,A Shade of Black
2024,Aaron K
2024,Abana
2024,D. Zeledon
2024,ACRAZE
2024,KREAM
2024,Adam Beyer
2024,Adam Pearce
2024,Adam X
2024,Adrenalize
2024,Wasted Penguinz
2024,Adventure Club
2024,AFROdisiac
2024,Airglo
2024,Airwolf Paradise
2024,Akaio
2024,Alchimyst
2024,Alesso
2024,Algo
2024,Alison Wonderland
2024,Alison Wonderland
2024,Aly & Fila
2024,Andrew Bayer
2024,Andrew Rayel
2024,Andruss
2024,Andruss
2024,Angerfist
2024,Arboles Pintados
2024,Argy
2024,arman.
2024,Armin van Buuren
2024,ARMNHMR
2024,ARMNHMR
2024,Assembly
2024,ATLiens
2024,Atmozfears
2024,Audiofreq
2024,Azzecca
2024,Baggi
2024,Matt Denuzzo
2024,BEC
2024,Ben Hemsley
2024,Ben Sterling
2024,Benny Benassi
2024,Bianca Oblivion
2024,Blake Webber
2024,blake.
2024,Blastoyz
2024,blklght
2024,Bones
2024,Boogie T
2024,Bou
2024,Bowie Jane
2024,Brandi Cyrus
2024,Brina Knauss
2024,Bryan Kearney
2024,Bryan Matthew
2024,Bunny
2024,Bunny
2024,Calussa
2024,Camden Cox
2024,Carl Cox
2024,Carl Cox
2024,Nicole Moudaber
2024,Caspa
2024,Cassian
2024,Castor & Pollux
2024,Cat & Maomi
2024,CELO
2024,CHAMP FRESNEL
2024,Chef Boyarbeatz
2024,Chelina Manuhutu
2024,Chibs
2024,Clawz
2024,DØMINA
2024,Codeko
2024,Crankdat
2024,Creeds
2024,Helen Ka
2024,Cristoph
2024,Crystal Skies
2024,Culture Shock
2024,D!CED
2024,D-Sturb
2024,Da Tweekaz
2024,Dabin
2024,Damon Sharpe
2024,David Guetta
2024,Daxson
2024,Dead X
2024,Levenkhan
2024,Deadly Guns
2024,deadmau5
2024,DEATH CODE
2024,Deborah De Luca
2024,Dee Jay Silver
2024,Deeper Purpose
2024,Denis Sulta
2024,Deorro
2024,Devault
2024,Devin Wild
2024,Keltek
2024,Devin Wild
2024,Dillon Francis
2024,Dimension
2024,Diplo
2024,Disco Fries
2024,Discrete
2024,DJ 30Rack
2024,DJ Hazel
2024,DJ Heartstring
2024,DJ Minx
2024,DJ Snake
2024,Dom Dolla
2024,Doses
2024,DREYA V
2024,East End Dubs
2024,Egzod
2024,Eli Brown
2024,Eli Brown
2024,HI-LO
2024,Emorfik
2024,Eric Prydz
2024,Everen Maxwell
2024,Excision
2024,Fallen
2024,Fury
2024,Nightstalker
2024,Dknow (MC Dino)
2024,Fallen&Dknow (MC Dino)
2024,Fallon
2024,Ferry Corsten
2024,Fester
2024,Fireworks
2024,Fireworks
2024,Fireworks
2024,Fisher
2024,Fleur Shore
2024,Four Tet
2024,Fredy Lane
2024,Friendly Fire
2024,FrostTop
2024,RemK
2024,fun2bjane
2024,mad gavs
2024,GEO
2024,Ghastly
2024,Ghost in Real Life
2024,Giuseppe Ottaviani
2024,GRAVEDGR
2024,Gryffin
2024,HAAi
2024,HALIENE
2024,Hamdi
2024,Hannah Laing
2024,Hannah Laing
2024,Harmson
2024,Harristone
2024,Hedex
2024,Heidi Lawden
2024,Highlnd
2024,Hint of Lavender
2024,Kayzo&Space Laces&Must Die!
2024,Hixxy
2024,HOL!
2024,HoneyLuv
2024,HUGEL
2024,HUGEL
2024,Illenium
2024,Indira Paganotto
2024,Infected Mushroom
2024,Interplanetary Criminal
2024,[IVY]
2024,J. Worra
2024,Jackie Hollander
2024,James Kennedy
2024,Jamie Jones
2024,JEANIE
2024,Jerome Isma-Ae
2024,Jessica Audiffred
2024,John 00 Fleming
2024,John Summit
2024,John Summit
2024,Green Velvet
2024,Joluca
2024,Joluca
2024,Jon Casey
2024,Jon Casey
2024,Joseph Capriati
2024,JOYRYDE
2024,Habstrakt
2024,Justin Jay
2024,Jyoty
2024,K.Gianni
2024,Kai Wachi
2024,Kallaghan
2024,Kasablanca
2024,Kaskade
2024,Kassel
2024,Kassel
2024,Kaysin
2024,Kayzo
2024,Keltek
2024,KEPIK
2024,Kevin de Vries
2024,Kevin de Vries
2024,Kevin Saunderson
2024,DJ Minx
2024,Khiva
2024,KhoMha
2024,Kian
2024,arman.
2024,Kittrix
2024,Kendoll
2024,Klangkuenstler
2024,Koven
2024,Kozmoz
2024,KREAM
2024,Kreation
2024,Darksiderz
2024,Ky William
2024,Kyle Walker
2024,Lady Faith
2024,LALA
2024,Lavish Life
2024,Lavish Life
2024,LAYZ
2024,LF SYSTEM
2024,Lil Texas
2024,Lilly Palmer
2024,Lisbona Sisters
2024,The Living Proof
2024,Lizzy Jane
2024,Loco Dice
2024,Lost Frequencies
2024,Lost Like Us
2024,LOUIEJAYXX
2024,LSDREAM
2024,Lucky Lou
2024,Lucky Lou
2024,Lucky Lou
2024,Luttrell
2024,Maddix
2024,Majestic
2024,Malcolm Zeller
2024,Malóne
2024,Malóne
2024,Mandy
2024,Manics
2024,MARAUDA
2024,Marc V
2024,Marcel Dettmann
2024,Mark Lizaola
2024,Markus Schulz
2024,Marlie
2024,Marsh
2024,Martin Garrix
2024,Mary Droppinz
2024,Mary Droppinz
2024,Matroda
2024,San Pacho
2024,Matroda
2024,Matt Faulk
2024,Matt Sassari
2024,Matt Suave
2024,Mau P
2024,Max Styler
2024,MC4D
2024,MC4D
2024,Melé
2024,Melé
2024,Mersiv
2024,Mesa & Boss
2024,Metta & Glyde
2024,Mind Against
2024,MitiS
2024,MitiS
2024,Miyuki
2024,MK
2024,MK
2024,Monika Santucci
2024,Myles O'Neal
2024,Myles O'Neal
2024,Naz
2024,Neon Black
2024,Neon Deluz
2024,NGHTMRE
2024,Nick Garcia
2024,Nicole Moudaber
2024,Nifra
2024,Nightstalker
2024,Ninajirachi
2024,Noizu
2024,Noizu
2024,Westend
2024,Melé
2024,SOREN
2024,NOYZNTHEHOOD
2024,Odd Mob
2024,Odd Mob&Omnom
2024,Oden & Fatzo
2024,OG Nixin
2024,Omar Santana
2024,Orjan Nilsen&Mark Sixma
2024,Öwnboss
2024,Panteros666
2024,PARTY DADS
2024,Paul Oakenfold
2024,Paul van Dyk
2024,Peggy Gou
2024,Peggy Gou
2024,Marcel Dettmann
2024,Pickle
2024,Piilot
2024,PLS&TY
2024,Pocket
2024,Pocket
2024,Polar Bears
2024,Prunk
2024,prv. d
2024,Eric Prydz
2024,Purple Disco Machine
2024,Pyke
2024,Quality G
2024,Ranger Trucco
2024,Rated R
2024,Rayben
2024,Rebel Scum
2024,Redline
2024,Replicant
2024,Riordan
2024,Riordan
2024,RIOT
2024,Roadhouse
2024,Rohaan
2024,Rommii
2024,Sally C
2024,Matisa
2024,Sanzu
2024,Sara Landry
2024,Seven Lions
2024,Shiba San
2024,Shlømo
2024,Sicaria
2024,Sidney Charles
2024,Sidney Charles
2024,simfonik
2024,Skellytn
2024,Skin On Skin
2024,SLANDER
2024,SLANDER presents Before Dawn
2024,Sofi Tukker
2024,SOREN
2024,Sosa
2024,Soul Purpose
2024,Sound Rush
2024,Special Guest
2024,STAR SEED
2024,Staysick
2024,Steve Aoki
2024,Sub Focus
2024,Sub Zero Project
2024,Súbelo Neo
2024,Subtronics
2024,Subtronics
2024,Level Up
2024,Svdden Death
2024,Synymata
2024,Synymata
2024,TAILSPIN
2024,Talla 2XLC
2024,Tape B
2024,Taylor Jaymin
2024,Taylor Kade
2024,Taylor Kade
2024,Taylor Kade
2024,Taylor Torrence
2024,Teko
2024,Tha Funk Junkie
2024,Thomas Garcia
2024,Tiësto
2024,Tim Clark
2024,Timmy Trumpet
2024,TOBEHONEST
2024,TOBEHONEST
2024,TONG
2024,Tripps
2024,Trouble
2024,TroyBoi
2024,Trym
2024,Valentino Khan
2024,VARI
2024,VAVO
2024,Vintage Culture
2024,Virtual Riot
2024,VKTM
2024,VLCN
2024,VTSS
2024,VUlllGUR
2024,Wade
2024,Warface
2024,Wasted Penguinz
2024,Water Spirit
2024,Wes Pierce
2024,Who's John
2024,Wilkinson
2024,Will Clarke
2024,Wooli
2024,Sub Focus&Dimension&Culture Shock&1991
2024,Wuki
2024,X-Coast
2024,XENAA
2024,Yosuf
2024,Yotto
2024,Zedd
2024,Zen Freeman
2024,Zevy
2024,Zevy
2024,Zevy
2024,Zingara
2024,ZOF
2024,Zomboy
2024,ZUEZEU
2024,ZUEZEU
2024,Aaron K
2024,Adam Beyer
2024,Adam Pearce
2024,Adventure Club
2024,Akaio
2024,Alchimyst
2024,Algo
2024,Andrew Rayel
2024,Andruss
2024,Andruss
2024,arman.
2024,Armin van Buuren
2024,ARMNHMR
2024,Audiofreq
2024,Baggi
2024,Matt Denuzzo
2024,Blastoyz
2024,blklght
2024,Bones
2024,Brina Knauss
2024,Carl Cox
2024,Carl Cox
2024,Nicole Moudaber
2024,Cassian
2024,Castor & Pollux
2024,CELO
2024,Chelina Manuhutu
2024,Chibs
2024,Clawz
2024,DØMINA
2024,Cristoph
2024,D-Sturb
2024,Dabin
2024,David Guetta
2024,Dee Jay Silver
2024,Denis Sulta
2024,Devault
2024,Discrete
2024,Doses
2024,DREYA V
2024,Eric Prydz
2024,Everen Maxwell
2024,Fallon
2024,Fireworks
2024,Fredy Lane
2024,Friendly Fire
2024,FrostTop
2024,RemK
2024,Giuseppe Ottaviani
2024,HAAi
2024,Hamdi
2024,Heidi Lawden
2024,Kayzo&Space Laces&Must Die!
2024,Hixxy
2024,HOL!
2024,Illenium
2024,Infected Mushroom
2024,J. Worra
2024,James Kennedy
2024,Jessica Audiffred
2024,John Summit
2024,Justin Jay
2024,Jyoty
2024,Keltek
2024,KEPIK
2024,Khiva
2024,Kittrix
2024,Kendoll
2024,Kozmoz
2024,Lavish Life
2024,LAYZ
2024,Lilly Palmer
2024,The Living Proof
2024,LSDREAM
2024,Lucky Lou
2024,Lucky Lou
2024,Maddix
2024,Majestic
2024,MARAUDA
2024,Markus Schulz
2024,Marlie
2024,Matroda
2024,San Pacho
2024,Matt Faulk
2024,Matt Suave
2024,Max Styler
2024,MC4D
2024,Mersiv
2024,Mesa & Boss
2024,MK
2024,Monika Santucci
2024,Myles O'Neal
2024,NGHTMRE
2024,Nicole Moudaber
2024,Nifra
2024,Nightstalker
2024,Ninajirachi
2024,Noizu
2024,Noizu
2024,Westend
2024,Melé
2024,SOREN
2024,NOYZNTHEHOOD
2024,Odd Mob&Omnom
2024,OG Nixin
2024,Orjan Nilsen&Mark Sixma
2024,Öwnboss
2024,Paul Oakenfold
2024,Peggy Gou
2024,Pyke
2024,Riordan
2024,Riordan
2024,Sally C
2024,Matisa
2024,Sanzu
2024,Sicaria
2024,SLANDER
2024,SLANDER presents Before Dawn
2024,Sound Rush
2024,STAR SEED
2024,Steve Aoki
2024,Súbelo Neo
2024,Subtronics
2024,Synymata
2024,TAILSPIN
2024,Tape B
2024,Taylor Kade
2024,Taylor Torrence
2024,Tha Funk Junkie
2024,TOBEHONEST
2024,Tripps
2024,Vintage Culture
2024,VKTM
2024,VLCN
2024,VUlllGUR
2024,Warface
2024,Water Spirit
2024,Who's John
2024,Yosuf
2024,Zen Freeman
2024,Zevy
2024,ZOF
2024,Zomboy
2024,ACRAZE
2024,KREAM
2024,Adrenalize
2024,Wasted Penguinz
2024,Airglo
2024,Airwolf Paradise
2024,Alison Wonderland
2024,Aly & Fila
2024,Andrew Bayer
2024,ARMNHMR
2024,Atmozfears
2024,BEC
2024,Ben Hemsley
2024,Ben Sterling
2024,Benny Benassi
2024,Bianca Oblivion
2024,Boogie T
2024,Bou
2024,Bryan Kearney
2024,Bryan Matthew
2024,Bunny
2024,Camden Cox
2024,Caspa
2024,Cat & Maomi
2024,CHAMP FRESNEL
2024,Chef Boyarbeatz
2024,Codeko
2024,Crankdat
2024,Creeds
2024,Helen Ka
2024,Crystal Skies
2024,Culture Shock
2024,D!CED
2024,Daxson
2024,Dead X
2024,Levenkhan
2024,Deorro
2024,Devin Wild
2024,Dillon Francis
2024,Disco Fries
2024,DJ Hazel
2024,DJ Heartstring
2024,DJ Minx
2024,DJ Snake
2024,Dom Dolla
2024,Egzod
2024,Eli Brown
2024,Eli Brown
2024,HI-LO
2024,Fallen
2024,Fury
2024,Nightstalker
2024,Dknow (MC Dino)
2024,Fallen&Dknow (MC Dino)
2024,Ferry Corsten
2024,Fireworks
2024,Four Tet
2024,fun2bjane
2024,mad gavs
2024,Ghost in Real Life
2024,GRAVEDGR
2024,HALIENE
2024,Hannah Laing
2024,Hannah Laing
2024,Hedex
2024,Highlnd
2024,Interplanetary Criminal
2024,Jamie Jones
2024,John 00 Fleming
2024,Joluca
2024,Joseph Capriati
2024,JOYRYDE
2024,Habstrakt
2024,K.Gianni
2024,Kassel
2024,Kevin de Vries
2024,Kevin Saunderson
2024,DJ Minx
2024,Kreation
2024,Darksiderz
2024,Ky William
2024,Kyle Walker
2024,Lavish Life
2024,Lil Texas
2024,Lizzy Jane
2024,Loco Dice
2024,Malcolm Zeller
2024,Malóne
2024,Malóne
2024,Marcel Dettmann
2024,Mark Lizaola
2024,Matroda
2024,Matt Sassari
2024,Melé
2024,Melé
2024,Metta & Glyde
2024,MitiS
2024,MitiS
2024,Miyuki
2024,MK
2024,Odd Mob
2024,Panteros666
2024,PARTY DADS
2024,Paul van Dyk
2024,Peggy Gou
2024,Marcel Dettmann
2024,Piilot
2024,Polar Bears
2024,prv. d
2024,Purple Disco Machine
2024,Rated R
2024,Rayben
2024,Rebel Scum
2024,Roadhouse
2024,Rommii
2024,Sidney Charles
2024,Skin On Skin
2024,SOREN
2024,Soul Purpose
2024,Special Guest
2024,Sub Zero Project
2024,Subtronics
2024,Level Up
2024,Synymata
2024,Talla 2XLC
2024,Taylor Jaymin
2024,Taylor Kade
2024,Taylor Kade
2024,Teko
2024,Tiësto
2024,Tim Clark
2024,Trouble
2024,TroyBoi
2024,VTSS
2024,Wade
2024,Wilkinson
2024,Will Clarke
2024,Wooli
2024,Sub Focus&Dimension&Culture Shock&1991
2024,X-Coast
2024,XENAA
2024,Zedd
2024,Zevy
2024,ZUEZEU
2024,1080p
2024,A Shade of Black
2024,Abana
2024,D. Zeledon
2024,Adam X
2024,AFROdisiac
2024,Alesso
2024,Alison Wonderland
2024,Angerfist
2024,Arboles Pintados
2024,Argy
2024,Assembly
2024,ATLiens
2024,Azzecca
2024,Blake Webber
2024,blake.
2024,Bowie Jane
2024,Brandi Cyrus
2024,Bunny
2024,Calussa
2024,Da Tweekaz
2024,Damon Sharpe
2024,Deadly Guns
2024,deadmau5
2024,DEATH CODE
2024,Deborah De Luca
2024,Deeper Purpose
2024,Devin Wild
2024,Keltek
2024,Dimension
2024,Diplo
2024,DJ 30Rack
2024,East End Dubs
2024,Emorfik
2024,Excision
2024,Fester
2024,Fireworks
2024,Fisher
2024,Fleur Shore
2024,GEO
2024,Ghastly
2024,Gryffin
2024,Harmson
2024,Harristone
2024,Hint of Lavender
2024,HoneyLuv
2024,HUGEL
2024,HUGEL
2024,Indira Paganotto
2024,[IVY]
2024,Jackie Hollander
2024,JEANIE
2024,Jerome Isma-Ae
2024,John Summit
2024,Green Velvet
2024,Joluca
2024,Jon Casey
2024,Jon Casey
2024,Kai Wachi
2024,Kallaghan
2024,Kasablanca
2024,Kaskade
2024,Kassel
2024,Kaysin
2024,Kayzo
2024,Kevin de Vries
2024,KhoMha
2024,Kian
2024,arman.
2024,Klangkuenstler
2024,Koven
2024,KREAM
2024,Lady Faith
2024,LALA
2024,LF SYSTEM
2024,Lisbona Sisters
2024,Lost Frequencies
2024,Lost Like Us
2024,LOUIEJAYXX
2024,Lucky Lou
2024,Luttrell
2024,Mandy
2024,Manics
2024,Marc V
2024,Marsh
2024,Martin Garrix
2024,Mary Droppinz
2024,Mary Droppinz
2024,Mau P
2024,MC4D
2024,Mind Against
2024,Myles O'Neal
2024,Naz
2024,Neon Black
2024,Neon Deluz
2024,Nick Garcia
2024,Oden & Fatzo
2024,Omar Santana
2024,Pickle
2024,PLS&TY
2024,Pocket
2024,Pocket
2024,Prunk
2024,Eric Prydz
2024,Quality G
2024,Ranger Trucco
2024,Redline
2024,Replicant
2024,RIOT
2024,Rohaan
2024,Sara Landry
2024,Seven Lions
2024,Shiba San
2024,Shlømo
2024,Sidney Charles
2024,simfonik
2024,Skellytn
2024,Sofi Tukker
2024,Sosa
2024,Staysick
2024,Sub Focus
2024,Svdden Death
2024,Thomas Garcia
2024,Timmy Trumpet
2024,TOBEHONEST
2024,TONG
2024,Trym
2024,Valentino Khan
2024,VARI
2024,VAVO
2024,Virtual Riot
2024,Wasted Penguinz
2024,Wes Pierce
2024,Wuki
2024,Yotto
2024,Zevy
2024,Zingara
2024,ZUEZEU
2024,ACRAZE
2024,KREAM
2024,Alesso
2024,Alison Wonderland
2024,Armin van Buuren
2024,Benny Benassi
2024,David Guetta
2024,DJ Snake
2024,Fireworks
2024,Fireworks
2024,Fireworks
2024,Fisher
2024,Gryffin
2024,Illenium
2024,John Summit
2024,Green Velvet
2024,Kaskade
2024,Lost Frequencies
2024,Maddix
2024,Matroda
2024,Mau P
2024,MitiS
2024,MK
2024,Ninajirachi
2024,Öwnboss
2024,Rayben
2024,Steve Aoki
2024,Subtronics
2024,Tiësto
2024,Wuki
2024,Zedd
2024,ZUEZEU
2024,Camden Cox
2024,Dabin
2024,deadmau5
2024,Deeper Purpose
2024,Deorro
2024,Devault
2024,Dillon Francis
2024,Diplo
2024,Friendly Fire
2024,FrostTop
2024,RemK
2024,Hamdi
2024,HUGEL
2024,JOYRYDE
2024,Habstrakt
2024,Kasablanca
2024,Khiva
2024,LSDREAM
2024,Mary Droppinz
2024,Noizu
2024,Westend
2024,Melé
2024,Odd Mob
2024,Purple Disco Machine
2024,Sicaria
2024,SLANDER
2024,Sofi Tukker
2024,TroyBoi
2024,Valentino Khan
2024,Sub Focus&Dimension&Culture Shock&1991
2024,Airwolf Paradise
2024,Ben Hemsley
2024,Brina Knauss
2024,Cassian
2024,Cristoph
2024,Dom Dolla
2024,Eli Brown
2024,HI-LO
2024,Eric Prydz
2024,Excision
2024,Four Tet
2024,[IVY]
2024,John Summit
2024,Kayzo
2024,Koven
2024,Kyle Walker
2024,Martin Garrix
2024,MK
2024,Peggy Gou
2024,Sara Landry
2024,Seven Lions
2024,SLANDER presents Before Dawn
2024,Special Guest
2024,Sub Focus
2024,Timmy Trumpet
2024,Vintage Culture
2024,Wade
2024,Adam Beyer
2024,Adam X
2024,Ben Sterling
2024,Carl Cox
2024,Carl Cox
2024,Nicole Moudaber
2024,Chelina Manuhutu
2024,Deborah De Luca
2024,Heidi Lawden
2024,Indira Paganotto
2024,Jamie Jones
2024,Joseph Capriati
2024,Klangkuenstler
2024,Lilly Palmer
2024,Loco Dice
2024,Malóne
2024,Marcel Dettmann
2024,Nicole Moudaber
2024,Peggy Gou
2024,Marcel Dettmann
2024,Shlømo
2024,Trym
2024,Adventure Club
2024,ATLiens
2024,Boogie T
2024,Bou
2024,Caspa
2024,Chef Boyarbeatz
2024,Crankdat
2024,Dimension
2024,Emorfik
2024,Fallen&Dknow (MC Dino)
2024,Ghastly
2024,Hedex
2024,HOL!
2024,JEANIE
2024,Jessica Audiffred
2024,Jon Casey
2024,Kai Wachi
2024,LAYZ
2024,MARAUDA
2024,Mersiv
2024,NGHTMRE
2024,Nightstalker
2024,Rated R
2024,Replicant
2024,Subtronics
2024,Level Up
2024,Svdden Death
2024,Tape B
2024,Virtual Riot
2024,VUlllGUR
2024,Wilkinson
2024,Wooli
2024,Zingara
2024,Zomboy
2024,Adrenalize
2024,Wasted Penguinz
2024,Angerfist
2024,Atmozfears
2024,Audiofreq
2024,Clawz
2024,DØMINA
2024,Creeds
2024,Helen Ka
2024,D-Sturb
2024,Da Tweekaz
2024,Dead X
2024,Levenkhan
2024,Deadly Guns
2024,DEATH CODE
2024,Devin Wild
2024,Keltek
2024,Devin Wild
2024,GEO
2024,GRAVEDGR
2024,Kayzo&Space Laces&Must Die!
2024,Hixxy
2024,Keltek
2024,Kreation
2024,Darksiderz
2024,Lady Faith
2024,Lil Texas
2024,Mandy
2024,Omar Santana
2024,SOREN
2024,Sound Rush
2024,Sub Zero Project
2024,Warface
2024,Wasted Penguinz
2024,Water Spirit
2024,Yosuf
2024,Alchimyst
2024,Aly & Fila
2024,Andrew Bayer
2024,Andrew Rayel
2024,Argy
2024,Blastoyz
2024,Bryan Kearney
2024,Daxson
2024,Ferry Corsten
2024,Giuseppe Ottaviani
2024,Infected Mushroom
2024,Jerome Isma-Ae
2024,John 00 Fleming
2024,Kevin de Vries
2024,KhoMha
2024,Luttrell
2024,Markus Schulz
2024,Marsh
2024,Metta & Glyde
2024,Mind Against
2024,Miyuki
2024,Naz
2024,Nifra
2024,Orjan Nilsen&Mark Sixma
2024,Paul Oakenfold
2024,Paul van Dyk
2024,Eric Prydz
2024,Talla 2XLC
2024,Taylor Torrence
2024,Yotto
2024,Abana
2024,D. Zeledon
2024,Andruss
2024,Azzecca
2024,BEC
2024,Calussa
2024,DREYA V
2024,Eli Brown
2024,Hannah Laing
2024,HoneyLuv
2024,HUGEL
2024,J. Worra
2024,Joluca
2024,Kevin de Vries
2024,Kevin Saunderson
2024,DJ Minx
2024,LF SYSTEM
2024,Majestic
2024,Matroda
2024,San Pacho
2024,Matt Sassari
2024,Max Styler
2024,Melé
2024,Noizu
2024,Odd Mob&Omnom
2024,Pocket
2024,Riordan
2024,Shiba San
2024,Sosa
2024,TOBEHONEST
2024,Will Clarke
2024,ZOF
2024,Baggi
2024,Matt Denuzzo
2024,Bianca Oblivion
2024,Denis Sulta
2024,DJ Heartstring
2024,East End Dubs
2024,Fleur Shore
2024,HAAi
2024,Hint of Lavender
2024,Interplanetary Criminal
2024,Justin Jay
2024,Jyoty
2024,Marlie
2024,Oden & Fatzo
2024,Panteros666
2024,Prunk
2024,Ranger Trucco
2024,Sally C
2024,Matisa
2024,Sidney Charles
2024,Skin On Skin
2024,VTSS
2024,X-Coast
2024,Zen Freeman
2024,Aaron K
2024,Alison Wonderland
2024,ARMNHMR
2024,Assembly
2024,Bryan Matthew
2024,Bunny
2024,Castor & Pollux
2024,CHAMP FRESNEL
2024,Damon Sharpe
2024,Hannah Laing
2024,James Kennedy
2024,Kittrix
2024,Kendoll
2024,KREAM
2024,Lost Like Us
2024,Marc V
2024,Matt Faulk
2024,Myles O'Neal
2024,Neon Deluz
2024,Nick Garcia
2024,SOREN
2024,Pickle
2024,PLS&TY
2024,Polar Bears
2024,Riordan
2024,TAILSPIN
2024,Taylor Jaymin
2024,Tim Clark
2024,XENAA
2024,ZUEZEU
2024,Akaio
2024,Andruss
2024,Bones
2024,Codeko
2024,Crystal Skies
2024,Discrete
2024,Egzod
2024,Fallon
2024,Fredy Lane
2024,HALIENE
2024,Highlnd
2024,Jackie Hollander
2024,Joluca
2024,Kaysin
2024,Manics
2024,MitiS
2024,Myles O'Neal
2024,Quality G
2024,Rommii
2024,Súbelo Neo
2024,Synymata
2024,Taylor Kade
2024,Thomas Garcia
2024,TOBEHONEST
2024,TONG
2024,Wes Pierce
2024,1080p
2024,Adam Pearce
2024,CELO
2024,DJ Minx
2024,Everen Maxwell
2024,Jon Casey
2024,KEPIK
2024,Kian
2024,arman.
2024,Kozmoz
2024,Ky William
2024,LALA
2024,The Living Proof
2024,LOUIEJAYXX
2024,Malcolm Zeller
2024,Malóne
2024,Melé
2024,Monika Santucci
2024,Redline
2024,RIOT
2024,Sidney Charles
2024,STAR SEED
2024,Staysick
2024,Synymata
2024,Teko
2024,Tha Funk Junkie
2024,VARI
2024,Airglo
2024,Algo
2024,ARMNHMR
2024,Blake Webber
2024,Bunny
2024,Chibs
2024,Culture Shock
2024,Fallen
2024,Fury
2024,Nightstalker
2024,Dknow (MC Dino)
2024,Fester
2024,Ghost in Real Life
2024,Harristone
2024,Kassel
2024,Kassel
2024,Lizzy Jane
2024,Mary Droppinz
2024,OG Nixin
2024,Pocket
2024,Pyke
2024,Rebel Scum
2024,Rohaan
2024,Sanzu
2024,Skellytn
2024,Trouble
2024,VKTM
2024,VLCN
2024,blake.
2024,Brandi Cyrus
2024,Dee Jay Silver
2024,Disco Fries
2024,DJ 30Rack
2024,K.Gianni
2024,Lavish Life
2024,Lavish Life
2024,Lucky Lou
2024,Lucky Lou
2024,MC4D
2024,MC4D
2024,Mesa & Boss
2024,PARTY DADS
2024,Roadhouse
2024,Taylor Kade
2024,Taylor Kade
2024,VAVO
2024,Zevy
2024,Zevy
2024,Zevy
2024,A Shade of Black
2024,AFROdisiac
2024,Arboles Pintados
2024,arman.
2024,blklght
2024,Bowie Jane
2024,Cat & Maomi
2024,D!CED
2024,DJ Hazel
2024,Doses
2024,fun2bjane
2024,mad gavs
2024,Harmson
2024,Kallaghan
2024,Lisbona Sisters
2024,Lucky Lou
2024,Mark Lizaola
2024,Matt Suave
2024,Neon Black
2024,NOYZNTHEHOOD
2024,Piilot
2024,prv. d
2024,simfonik
2024,Soul Purpose
2024,Tripps
2024,Who's John
