artist,total_appearances,years_played
dom dolla,5,"[np.int64(2022), np.int64(2023), np.int64(2024), np.int64(2025), np.int64(2026)]"
soren,5,"[np.int64(2022), np.int64(2023), np.int64(2024), np.int64(2025), np.int64(2026)]"
tiësto,5,"[np.int64(2022), np.int64(2023), np.int64(2024), np.int64(2025), np.int64(2026)]"
marc v,5,"[np.int64(2022), np.int64(2023), np.int64(2024), np.int64(2025), np.int64(2026)]"
lil texas,5,"[np.int64(2022), np.int64(2023), np.int64(2024), np.int64(2025), np.int64(2026)]"
excision,5,"[np.int64(2022), np.int64(2023), np.int64(2024), np.int64(2025), np.int64(2026)]"
adrenalize,5,"[np.int64(2022), np.int64(2023), np.int64(2024), np.int64(2025), np.int64(2026)]"
deorro,5,"[np.int64(2022), np.int64(2023), np.int64(2024), np.int64(2025), np.int64(2026)]"
trouble,5,"[np.int64(2022), np.int64(2023), np.int64(2024), np.int64(2025), np.int64(2026)]"
matroda,5,"[np.int64(2022), np.int64(2023), np.int64(2024), np.int64(2025), np.int64(2026)]"
fireworks,5,"[np.int64(2022), np.int64(2023), np.int64(2024), np.int64(2025), np.int64(2026)]"
fisher,5,"[np.int64(2022), np.int64(2023), np.int64(2024), np.int64(2025), np.int64(2026)]"
jessica audiffred,5,"[np.int64(2022), np.int64(2023), np.int64(2024), np.int64(2025), np.int64(2026)]"
baggi,5,"[np.int64(2022), np.int64(2023), np.int64(2024), np.int64(2025), np.int64(2026)]"
special guest,5,"[np.int64(2022), np.int64(2023), np.int64(2024), np.int64(2025), np.int64(2026)]"
kaskade,5,"[np.int64(2022), np.int64(2023), np.int64(2024), np.int64(2025), np.int64(2026)]"
armin van buuren,5,"[np.int64(2022), np.int64(2023), np.int64(2024), np.int64(2025), np.int64(2026)]"
armnhmr,5,"[np.int64(2022), np.int64(2023), np.int64(2024), np.int64(2025), np.int64(2026)]"
d-sturb,5,"[np.int64(2022), np.int64(2023), np.int64(2024), np.int64(2025), np.int64(2026)]"
assembly,5,"[np.int64(2022), np.int64(2023), np.int64(2024), np.int64(2025), np.int64(2026)]"
hugel,5,"[np.int64(2022), np.int64(2023), np.int64(2024), np.int64(2025), np.int64(2026)]"
da tweekaz,5,"[np.int64(2022), np.int64(2023), np.int64(2024), np.int64(2025), np.int64(2026)]"
lady faith,5,"[np.int64(2022), np.int64(2023), np.int64(2024), np.int64(2025), np.int64(2026)]"
sub zero project,5,"[np.int64(2022), np.int64(2023), np.int64(2024), np.int64(2025), np.int64(2026)]"
svdden death,5,"[np.int64(2022), np.int64(2023), np.int64(2024), np.int64(2025), np.int64(2026)]"
level up,5,"[np.int64(2022), np.int64(2023), np.int64(2024), np.int64(2025), np.int64(2026)]"
bunny,5,"[np.int64(2022), np.int64(2023), np.int64(2024), np.int64(2025), np.int64(2026)]"
bones,5,"[np.int64(2022), np.int64(2023), np.int64(2024), np.int64(2025), np.int64(2026)]"
levenkhan,4,"[np.int64(2023), np.int64(2024), np.int64(2025), np.int64(2026)]"
loco dice,4,"[np.int64(2023), np.int64(2024), np.int64(2025), np.int64(2026)]"
cosmic gate,4,"[np.int64(2022), np.int64(2023), np.int64(2025), np.int64(2026)]"
alok,4,"[np.int64(2022), np.int64(2023), np.int64(2025), np.int64(2026)]"
ben nicky,4,"[np.int64(2022), np.int64(2023), np.int64(2025), np.int64(2026)]"
noizu,4,"[np.int64(2023), np.int64(2024), np.int64(2025), np.int64(2026)]"
dj snake,4,"[np.int64(2022), np.int64(2024), np.int64(2025), np.int64(2026)]"
martin garrix,4,"[np.int64(2023), np.int64(2024), np.int64(2025), np.int64(2026)]"
discrete,4,"[np.int64(2023), np.int64(2024), np.int64(2025), np.int64(2026)]"
soul purpose,4,"[np.int64(2022), np.int64(2024), np.int64(2025), np.int64(2026)]"
tim clark,4,"[np.int64(2023), np.int64(2024), np.int64(2025), np.int64(2026)]"
dimension,4,"[np.int64(2023), np.int64(2024), np.int64(2025), np.int64(2026)]"
anime,4,"[np.int64(2022), np.int64(2023), np.int64(2025), np.int64(2026)]"
alison wonderland,4,"[np.int64(2023), np.int64(2024), np.int64(2025), np.int64(2026)]"
mau p,4,"[np.int64(2023), np.int64(2024), np.int64(2025), np.int64(2026)]"
arman.,4,"[np.int64(2023), np.int64(2024), np.int64(2025), np.int64(2026)]"
taylor kade,4,"[np.int64(2022), np.int64(2024), np.int64(2025), np.int64(2026)]"
atliens,4,"[np.int64(2022), np.int64(2024), np.int64(2025), np.int64(2026)]"
meduza,4,"[np.int64(2022), np.int64(2023), np.int64(2025), np.int64(2026)]"
darren styles,4,"[np.int64(2022), np.int64(2023), np.int64(2025), np.int64(2026)]"
neon deluz,4,"[np.int64(2022), np.int64(2024), np.int64(2025), np.int64(2026)]"
odd mob,4,"[np.int64(2023), np.int64(2024), np.int64(2025), np.int64(2026)]"
damon sharpe,4,"[np.int64(2022), np.int64(2024), np.int64(2025), np.int64(2026)]"
yellow claw,4,"[np.int64(2022), np.int64(2023), np.int64(2025), np.int64(2026)]"
eric prydz,4,"[np.int64(2022), np.int64(2024), np.int64(2025), np.int64(2026)]"
illenium,4,"[np.int64(2022), np.int64(2024), np.int64(2025), np.int64(2026)]"
i hate models,4,"[np.int64(2022), np.int64(2023), np.int64(2025), np.int64(2026)]"
kaysin,4,"[np.int64(2023), np.int64(2024), np.int64(2025), np.int64(2026)]"
james hype,4,"[np.int64(2022), np.int64(2023), np.int64(2025), np.int64(2026)]"
eli brown,4,"[np.int64(2023), np.int64(2024), np.int64(2025), np.int64(2026)]"
simfonik,4,"[np.int64(2023), np.int64(2024), np.int64(2025), np.int64(2026)]"
biscits,4,"[np.int64(2022), np.int64(2023), np.int64(2025), np.int64(2026)]"
party dads,4,"[np.int64(2022), np.int64(2024), np.int64(2025), np.int64(2026)]"
vintage culture,4,"[np.int64(2022), np.int64(2024), np.int64(2025), np.int64(2026)]"
vini vici,4,"[np.int64(2022), np.int64(2023), np.int64(2025), np.int64(2026)]"
sidepiece,4,"[np.int64(2022), np.int64(2023), np.int64(2025), np.int64(2026)]"
riot ten,4,"[np.int64(2022), np.int64(2023), np.int64(2025), np.int64(2026)]"
alesso,4,"[np.int64(2022), np.int64(2024), np.int64(2025), np.int64(2026)]"
lady sinclair,4,"[np.int64(2022), np.int64(2023), np.int64(2025), np.int64(2026)]"
slander,4,"[np.int64(2023), np.int64(2024), np.int64(2025), np.int64(2026)]"
champ fresnel,3,"[np.int64(2024), np.int64(2025), np.int64(2026)]"
quality g,3,"[np.int64(2024), np.int64(2025), np.int64(2026)]"
celo,3,"[np.int64(2024), np.int64(2025), np.int64(2026)]"
ray volpe,3,"[np.int64(2023), np.int64(2025), np.int64(2026)]"
mr. brooks,3,"[np.int64(2022), np.int64(2025), np.int64(2026)]"
morten,3,"[np.int64(2023), np.int64(2025), np.int64(2026)]"
caspa,3,"[np.int64(2024), np.int64(2025), np.int64(2026)]"
rezz,3,"[np.int64(2022), np.int64(2025), np.int64(2026)]"
calussa,3,"[np.int64(2024), np.int64(2025), np.int64(2026)]"
riordan,3,"[np.int64(2024), np.int64(2025), np.int64(2026)]"
pocket,3,"[np.int64(2024), np.int64(2025), np.int64(2026)]"
mochakk,3,"[np.int64(2023), np.int64(2025), np.int64(2026)]"
plsandty,3,"[np.int64(2024), np.int64(2025), np.int64(2026)]"
chyl,3,"[np.int64(2023), np.int64(2025), np.int64(2026)]"
code black,3,"[np.int64(2023), np.int64(2025), np.int64(2026)]"
cloonee,3,"[np.int64(2022), np.int64(2025), np.int64(2026)]"
clawz,3,"[np.int64(2024), np.int64(2025), np.int64(2026)]"
nightstalker,3,"[np.int64(2022), np.int64(2023), np.int64(2024)]"
omar santana,3,"[np.int64(2022), np.int64(2023), np.int64(2024)]"
nick garcia,3,"[np.int64(2022), np.int64(2023), np.int64(2024)]"
nghtmre,3,"[np.int64(2024), np.int64(2025), np.int64(2026)]"
charlotte de witte,3,"[np.int64(2022), np.int64(2025), np.int64(2026)]"
partiboi69,3,"[np.int64(2022), np.int64(2025), np.int64(2026)]"
paul oakenfold,3,"[np.int64(2024), np.int64(2025), np.int64(2026)]"
crankdat,3,"[np.int64(2024), np.int64(2025), np.int64(2026)]"
nora en pure,3,"[np.int64(2022), np.int64(2025), np.int64(2026)]"
chase and status,3,"[np.int64(2023), np.int64(2025), np.int64(2026)]"
myles o'neal,3,"[np.int64(2024), np.int64(2025), np.int64(2026)]"
netsky,3,"[np.int64(2023), np.int64(2025), np.int64(2026)]"
€uro tra$h,3,"[np.int64(2022), np.int64(2025), np.int64(2026)]"
miyuki,3,"[np.int64(2024), np.int64(2025), np.int64(2026)]"
kompany,3,"[np.int64(2022), np.int64(2025), np.int64(2026)]"
emo nite,3,"[np.int64(2023), np.int64(2025), np.int64(2026)]"
kami,3,"[np.int64(2022), np.int64(2025), np.int64(2026)]"
kai wachi,3,"[np.int64(2022), np.int64(2023), np.int64(2024)]"
k.gianni,3,"[np.int64(2024), np.int64(2025), np.int64(2026)]"
fallen,3,"[np.int64(2022), np.int64(2023), np.int64(2024)]"
ferry corsten,3,"[np.int64(2022), np.int64(2023), np.int64(2024)]"
fester,3,"[np.int64(2022), np.int64(2023), np.int64(2024)]"
jon casey,3,"[np.int64(2024), np.int64(2025), np.int64(2026)]"
francis mercier,3,"[np.int64(2022), np.int64(2025), np.int64(2026)]"
jackie hollander,3,"[np.int64(2024), np.int64(2025), np.int64(2026)]"
frosttop,3,"[np.int64(2022), np.int64(2023), np.int64(2024)]"
interplanetary criminal,3,"[np.int64(2024), np.int64(2025), np.int64(2026)]"
fury,3,"[np.int64(2022), np.int64(2023), np.int64(2024)]"
hot since 82,3,"[np.int64(2023), np.int64(2025), np.int64(2026)]"
highlnd,3,"[np.int64(2022), np.int64(2023), np.int64(2024)]"
heidi lawden,3,"[np.int64(2022), np.int64(2023), np.int64(2024)]"
giuseppe ottaviani,3,"[np.int64(2022), np.int64(2023), np.int64(2024)]"
hedex,3,"[np.int64(2024), np.int64(2025), np.int64(2026)]"
harristone,3,"[np.int64(2024), np.int64(2025), np.int64(2026)]"
harmson,3,"[np.int64(2022), np.int64(2023), np.int64(2024)]"
hannah laing,3,"[np.int64(2024), np.int64(2025), np.int64(2026)]"
kian,3,"[np.int64(2024), np.int64(2025), np.int64(2026)]"
korolova,3,"[np.int64(2023), np.int64(2025), np.int64(2026)]"
dead x,3,"[np.int64(2024), np.int64(2025), np.int64(2026)]"
kream,3,"[np.int64(2022), np.int64(2023), np.int64(2024)]"
deadly guns,3,"[np.int64(2022), np.int64(2023), np.int64(2024)]"
max styler,3,"[np.int64(2024), np.int64(2025), np.int64(2026)]"
death code,3,"[np.int64(2024), np.int64(2025), np.int64(2026)]"
deeper purpose,3,"[np.int64(2022), np.int64(2023), np.int64(2024)]"
matt faulk,3,"[np.int64(2024), np.int64(2025), np.int64(2026)]"
masha mar,3,"[np.int64(2022), np.int64(2025), np.int64(2026)]"
dennis cruz,3,"[np.int64(2022), np.int64(2025), np.int64(2026)]"
rusko,3,"[np.int64(2022), np.int64(2025), np.int64(2026)]"
devin wild,3,"[np.int64(2024), np.int64(2025), np.int64(2026)]"
malcolm zeller,3,"[np.int64(2024), np.int64(2025), np.int64(2026)]"
disco lines,3,"[np.int64(2023), np.int64(2025), np.int64(2026)]"
maddix,3,"[np.int64(2024), np.int64(2025), np.int64(2026)]"
lucky lou,3,"[np.int64(2024), np.int64(2025), np.int64(2026)]"
loud luxury,3,"[np.int64(2023), np.int64(2025), np.int64(2026)]"
liquid stranger,3,"[np.int64(2022), np.int64(2025), np.int64(2026)]"
lf system,3,"[np.int64(2024), np.int64(2025), np.int64(2026)]"
dknow (mc dino),3,"[np.int64(2022), np.int64(2023), np.int64(2024)]"
le youth,3,"[np.int64(2023), np.int64(2025), np.int64(2026)]"
dombresky,3,"[np.int64(2023), np.int64(2025), np.int64(2026)]"
layz,3,"[np.int64(2024), np.int64(2025), np.int64(2026)]"
ky william,3,"[np.int64(2024), np.int64(2025), np.int64(2026)]"
roadhouse,3,"[np.int64(2024), np.int64(2025), np.int64(2026)]"
habstrakt,3,"[np.int64(2022), np.int64(2023), np.int64(2024)]"
alleycvt,3,"[np.int64(2023), np.int64(2025), np.int64(2026)]"
artbat,3,"[np.int64(2023), np.int64(2025), np.int64(2026)]"
yosuf,3,"[np.int64(2024), np.int64(2025), np.int64(2026)]"
the archer,3,"[np.int64(2022), np.int64(2025), np.int64(2026)]"
afrojack,3,"[np.int64(2023), np.int64(2025), np.int64(2026)]"
tha funk junkie,3,"[np.int64(2024), np.int64(2025), np.int64(2026)]"
acraze,3,"[np.int64(2022), np.int64(2023), np.int64(2024)]"
black tiger sex machine,3,"[np.int64(2023), np.int64(2025), np.int64(2026)]"
water spirit,3,"[np.int64(2024), np.int64(2025), np.int64(2026)]"
subtronics,3,"[np.int64(2022), np.int64(2023), np.int64(2024)]"
vari,3,"[np.int64(2024), np.int64(2025), np.int64(2026)]"
sullivan king,3,"[np.int64(2023), np.int64(2025), np.int64(2026)]"
blklght,3,"[np.int64(2024), np.int64(2025), np.int64(2026)]"
blake webber,3,"[np.int64(2022), np.int64(2023), np.int64(2024)]"
abana,3,"[np.int64(2022), np.int64(2023), np.int64(2024)]"
argy,3,"[np.int64(2024), np.int64(2025), np.int64(2026)]"
aaron k,3,"[np.int64(2024), np.int64(2025), np.int64(2026)]"
tape b,3,"[np.int64(2024), np.int64(2025), np.int64(2026)]"
blastoyz,3,"[np.int64(2022), np.int64(2023), np.int64(2024)]"
ben sterling,3,"[np.int64(2024), np.int64(2025), np.int64(2026)]"
the martinez brothers,3,"[np.int64(2023), np.int64(2025), np.int64(2026)]"
zevy,3,"[np.int64(2024), np.int64(2025), np.int64(2026)]"
billy gillies,3,"[np.int64(2023), np.int64(2025), np.int64(2026)]"
torren foot,3,"[np.int64(2022), np.int64(2025), np.int64(2026)]"
anatta,3,"[np.int64(2022), np.int64(2025), np.int64(2026)]"
westend,3,"[np.int64(2022), np.int64(2023), np.int64(2024)]"
sound rush,3,"[np.int64(2022), np.int64(2023), np.int64(2024)]"
audiofreq,3,"[np.int64(2022), np.int64(2023), np.int64(2024)]"
sosa,3,"[np.int64(2024), np.int64(2025), np.int64(2026)]"
andy c,3,"[np.int64(2023), np.int64(2025), np.int64(2026)]"
shlømo,3,"[np.int64(2024), np.int64(2025), np.int64(2026)]"
soothslayer,3,"[np.int64(2022), np.int64(2025), np.int64(2026)]"
zedd,3,"[np.int64(2022), np.int64(2023), np.int64(2024)]"
boogie t,3,"[np.int64(2022), np.int64(2023), np.int64(2024)]"
vavo,3,"[np.int64(2024), np.int64(2025), np.int64(2026)]"
sara landry,3,"[np.int64(2024), np.int64(2025), np.int64(2026)]"
tripps,3,"[np.int64(2024), np.int64(2025), np.int64(2026)]"
ben hemsley,3,"[np.int64(2024), np.int64(2025), np.int64(2026)]"
koven,2,"[np.int64(2022), np.int64(2024)]"
villager,2,"[np.int64(2025), np.int64(2026)]"
samplifire,2,"[np.int64(2025), np.int64(2026)]"
virtual riot,2,"[np.int64(2022), np.int64(2024)]"
kitty amor,2,"[np.int64(2025), np.int64(2026)]"
kittrix,2,"[np.int64(2022), np.int64(2024)]"
kilimanjaro,2,"[np.int64(2025), np.int64(2026)]"
kieran san jose,2,"[np.int64(2025), np.int64(2026)]"
kidmaverick,2,"[np.int64(2025), np.int64(2026)]"
vnssa,2,"[np.int64(2025), np.int64(2026)]"
kenzii scott,2,"[np.int64(2025), np.int64(2026)]"
kendoll,2,"[np.int64(2022), np.int64(2024)]"
vnssaandnala,2,"[np.int64(2025), np.int64(2026)]"
kayzo,2,"[np.int64(2022), np.int64(2024)]"
victor ruiz,2,"[np.int64(2025), np.int64(2026)]"
lake hills,2,"[np.int64(2025), np.int64(2026)]"
kromi,2,"[np.int64(2025), np.int64(2026)]"
ksofresko,2,"[np.int64(2022), np.int64(2023)]"
lostly,2,"[np.int64(2025), np.int64(2026)]"
trance wax,2,"[np.int64(2025), np.int64(2026)]"
loco and jam,2,"[np.int64(2025), np.int64(2026)]"
lizdek,2,"[np.int64(2025), np.int64(2026)]"
trickstar,2,"[np.int64(2025), np.int64(2026)]"
linska,2,"[np.int64(2025), np.int64(2026)]"
linney,2,"[np.int64(2025), np.int64(2026)]"
trivecta,2,"[np.int64(2025), np.int64(2026)]"
truth,2,"[np.int64(2025), np.int64(2026)]"
levity,2,"[np.int64(2025), np.int64(2026)]"
tsu nami,2,"[np.int64(2022), np.int64(2023)]"
tweekacore,2,"[np.int64(2022), np.int64(2023)]"
twenty six,2,"[np.int64(2025), np.int64(2026)]"
uncle waffles,2,"[np.int64(2025), np.int64(2026)]"
valentino khan,2,"[np.int64(2023), np.int64(2024)]"
layton giordani,2,"[np.int64(2025), np.int64(2026)]"
lavern,2,"[np.int64(2025), np.int64(2026)]"
lauren mia,2,"[np.int64(2025), np.int64(2026)]"
laura van dam,2,"[np.int64(2025), np.int64(2026)]"
wade,2,"[np.int64(2022), np.int64(2024)]"
vastive,2,"[np.int64(2025), np.int64(2026)]"
kyle watson,2,"[np.int64(2025), np.int64(2026)]"
veggi,2,"[np.int64(2025), np.int64(2026)]"
vulllgur,2,"[np.int64(2023), np.int64(2024)]"
kaleena zanders,2,"[np.int64(2022), np.int64(2023)]"
wakyin,2,"[np.int64(2025), np.int64(2026)]"
honeyluv,2,"[np.int64(2022), np.int64(2024)]"
inigma,2,"[np.int64(2025), np.int64(2026)]"
ydg,2,"[np.int64(2025), np.int64(2026)]"
infekt,2,"[np.int64(2025), np.int64(2026)]"
infected mushroom,2,"[np.int64(2023), np.int64(2024)]"
indira paganotto,2,"[np.int64(2022), np.int64(2024)]"
imanu,2,"[np.int64(2022), np.int64(2023)]"
yetep,2,"[np.int64(2022), np.int64(2023)]"
yoji biomehanika,2,"[np.int64(2025), np.int64(2026)]"
human404,2,"[np.int64(2025), np.int64(2026)]"
yokai,2,"[np.int64(2022), np.int64(2023)]"
horsegiirl,2,"[np.int64(2025), np.int64(2026)]"
horichh,2,"[np.int64(2025), np.int64(2026)]"
hol!,2,"[np.int64(2023), np.int64(2024)]"
kasango,2,"[np.int64(2025), np.int64(2026)]"
hint of lavender,2,"[np.int64(2023), np.int64(2024)]"
yotto,2,"[np.int64(2023), np.int64(2024)]"
hex cougar,2,"[np.int64(2025), np.int64(2026)]"
zeds dead,2,"[np.int64(2022), np.int64(2023)]"
haylee wood,2,"[np.int64(2025), np.int64(2026)]"
harvard bass,2,"[np.int64(2025), np.int64(2026)]"
zoe gitter,2,"[np.int64(2025), np.int64(2026)]"
zomboy,2,"[np.int64(2022), np.int64(2024)]"
hanz,2,"[np.int64(2025), np.int64(2026)]"
øtta,2,"[np.int64(2025), np.int64(2026)]"
hana,2,"[np.int64(2022), np.int64(2023)]"
hamdi,2,"[np.int64(2023), np.int64(2024)]"
xandra,2,"[np.int64(2025), np.int64(2026)]"
invt,2,"[np.int64(2025), np.int64(2026)]"
inzo,2,"[np.int64(2025), np.int64(2026)]"
isoxoandknock2,2,"[np.int64(2025), np.int64(2026)]"
kasablanca,2,"[np.int64(2022), np.int64(2024)]"
karaba,2,"[np.int64(2025), np.int64(2026)]"
walker and royce,2,"[np.int64(2025), np.int64(2026)]"
kallaghan,2,"[np.int64(2022), np.int64(2024)]"
ward andrews,2,"[np.int64(2025), np.int64(2026)]"
luttrell,2,"[np.int64(2022), np.int64(2024)]"
warface,2,"[np.int64(2023), np.int64(2024)]"
wax motif,2,"[np.int64(2022), np.int64(2023)]"
justin hawkes,2,"[np.int64(2022), np.int64(2023)]"
jstjr,2,"[np.int64(2022), np.int64(2023)]"
joshwa,2,"[np.int64(2022), np.int64(2023)]"
josh baker,2,"[np.int64(2025), np.int64(2026)]"
joseph capriati,2,"[np.int64(2022), np.int64(2024)]"
jorza,2,"[np.int64(2022), np.int64(2023)]"
wes mills,2,"[np.int64(2025), np.int64(2026)]"
will clarke,2,"[np.int64(2023), np.int64(2024)]"
willie pake,2,"[np.int64(2025), np.int64(2026)]"
john summit,2,"[np.int64(2022), np.int64(2024)]"
wooli,2,"[np.int64(2023), np.int64(2024)]"
jerome isma-ae,2,"[np.int64(2023), np.int64(2024)]"
jenna shaw,2,"[np.int64(2025), np.int64(2026)]"
wuki,2,"[np.int64(2022), np.int64(2024)]"
x club.,2,"[np.int64(2025), np.int64(2026)]"
j. worra,2,"[np.int64(2023), np.int64(2024)]"
it's murph,2,"[np.int64(2025), np.int64(2026)]"
lumberjvck,2,"[np.int64(2025), np.int64(2026)]"
marianna hadad,2,"[np.int64(2025), np.int64(2026)]"
tokimonsta,2,"[np.int64(2025), np.int64(2026)]"
oppidan,2,"[np.int64(2025), np.int64(2026)]"
pryda,2,"[np.int64(2025), np.int64(2026)]"
prospa,2,"[np.int64(2025), np.int64(2026)]"
shiba san,2,"[np.int64(2022), np.int64(2024)]"
pretty pink,2,"[np.int64(2022), np.int64(2023)]"
showtek,2,"[np.int64(2025), np.int64(2026)]"
pizzi,2,"[np.int64(2025), np.int64(2026)]"
pauline herr,2,"[np.int64(2022), np.int64(2023)]"
paul van dyk,2,"[np.int64(2022), np.int64(2024)]"
sihk,2,"[np.int64(2025), np.int64(2026)]"
silcrow,2,"[np.int64(2025), np.int64(2026)]"
papa lu,2,"[np.int64(2025), np.int64(2026)]"
pablo bozzi,2,"[np.int64(2025), np.int64(2026)]"
onlynumbers,2,"[np.int64(2025), np.int64(2026)]"
majestic,2,"[np.int64(2022), np.int64(2024)]"
omri.,2,"[np.int64(2025), np.int64(2026)]"
gudfella,2,"[np.int64(2025), np.int64(2026)]"
silver panda,2,"[np.int64(2025), np.int64(2026)]"
omiki,2,"[np.int64(2025), np.int64(2026)]"
simula,2,"[np.int64(2025), np.int64(2026)]"
oguz,2,"[np.int64(2025), np.int64(2026)]"
skellytn,2,"[np.int64(2023), np.int64(2024)]"
skepta,2,"[np.int64(2025), np.int64(2026)]"
og nixin,2,"[np.int64(2023), np.int64(2024)]"
of the trees,2,"[np.int64(2025), np.int64(2026)]"
skream,2,"[np.int64(2025), np.int64(2026)]"
oddly godly,2,"[np.int64(2025), np.int64(2026)]"
qlank,2,"[np.int64(2022), np.int64(2023)]"
raecola,2,"[np.int64(2025), np.int64(2026)]"
shades,2,"[np.int64(2025), np.int64(2026)]"
shaded,2,"[np.int64(2025), np.int64(2026)]"
sam binga,2,"[np.int64(2025), np.int64(2026)]"
sabrosura boyz,2,"[np.int64(2025), np.int64(2026)]"
rzrkt,2,"[np.int64(2025), np.int64(2026)]"
san pacho,2,"[np.int64(2023), np.int64(2024)]"
rudimental,2,"[np.int64(2025), np.int64(2026)]"
roxy ferrari,2,"[np.int64(2025), np.int64(2026)]"
rossi.,2,"[np.int64(2025), np.int64(2026)]"
rooler,2,"[np.int64(2025), np.int64(2026)]"
rollz royce,2,"[np.int64(2025), np.int64(2026)]"
rohaan,2,"[np.int64(2023), np.int64(2024)]"
rob gee,2,"[np.int64(2022), np.int64(2023)]"
rl grime,2,"[np.int64(2025), np.int64(2026)]"
sarah de warren,2,"[np.int64(2025), np.int64(2026)]"
sarz,2,"[np.int64(2025), np.int64(2026)]"
ricky retro,2,"[np.int64(2025), np.int64(2026)]"
selective response,2,"[np.int64(2025), np.int64(2026)]"
richter,2,"[np.int64(2022), np.int64(2023)]"
seven lions,2,"[np.int64(2022), np.int64(2024)]"
reza,2,"[np.int64(2025), np.int64(2026)]"
restricted,2,"[np.int64(2025), np.int64(2026)]"
replicant,2,"[np.int64(2022), np.int64(2024)]"
remk,2,"[np.int64(2022), np.int64(2024)]"
recess,2,"[np.int64(2025), np.int64(2026)]"
reaper,2,"[np.int64(2022), np.int64(2023)]"
rayray,2,"[np.int64(2025), np.int64(2026)]"
slugg,2,"[np.int64(2025), np.int64(2026)]"
odd language,2,"[np.int64(2025), np.int64(2026)]"
nostalgix,2,"[np.int64(2022), np.int64(2023)]"
maz,2,"[np.int64(2025), np.int64(2026)]"
taylor jaymin,2,"[np.int64(2022), np.int64(2024)]"
max low,2,"[np.int64(2022), np.int64(2023)]"
mattilo,2,"[np.int64(2025), np.int64(2026)]"
matt steffanina,2,"[np.int64(2022), np.int64(2023)]"
taylor torrence,2,"[np.int64(2022), np.int64(2024)]"
matt fax,2,"[np.int64(2022), np.int64(2023)]"
tchami,2,"[np.int64(2022), np.int64(2023)]"
tchamiandmalaa,2,"[np.int64(2025), np.int64(2026)]"
masteria,2,"[np.int64(2022), np.int64(2023)]"
tdj,2,"[np.int64(2025), np.int64(2026)]"
mary droppinz,2,"[np.int64(2022), np.int64(2024)]"
martin ikin,2,"[np.int64(2022), np.int64(2023)]"
thee-o,2,"[np.int64(2022), np.int64(2023)]"
marlon hoffstadt,2,"[np.int64(2025), np.int64(2026)]"
mark lizaola,2,"[np.int64(2022), np.int64(2024)]"
marie vaunt,2,"[np.int64(2025), np.int64(2026)]"
sam blacky,2,"[np.int64(2025), np.int64(2026)]"
things you say,2,"[np.int64(2022), np.int64(2023)]"
marauda,2,"[np.int64(2022), np.int64(2024)]"
manolo,2,"[np.int64(2022), np.int64(2023)]"
malugi,2,"[np.int64(2025), np.int64(2026)]"
malixe,2,"[np.int64(2025), np.int64(2026)]"
tim underscore,2,"[np.int64(2025), np.int64(2026)]"
timmy trumpet,2,"[np.int64(2022), np.int64(2024)]"
tobehonest,2,"[np.int64(2023), np.int64(2024)]"
synymata,2,"[np.int64(2022), np.int64(2024)]"
mcr-t,2,"[np.int64(2025), np.int64(2026)]"
softest hard,2,"[np.int64(2022), np.int64(2023)]"
synnhaven,2,"[np.int64(2025), np.int64(2026)]"
nils hoffmann,2,"[np.int64(2025), np.int64(2026)]"
nico moreno,2,"[np.int64(2025), np.int64(2026)]"
sota,2,"[np.int64(2025), np.int64(2026)]"
southstar,2,"[np.int64(2025), np.int64(2026)]"
space 92andpopof,2,"[np.int64(2025), np.int64(2026)]"
nekter,2,"[np.int64(2025), np.int64(2026)]"
narciss,2,"[np.int64(2025), np.int64(2026)]"
space laces,2,"[np.int64(2022), np.int64(2023)]"
ms. mada,2,"[np.int64(2022), np.int64(2023)]"
mrd,2,"[np.int64(2025), np.int64(2026)]"
star seed,2,"[np.int64(2022), np.int64(2024)]"
mph,2,"[np.int64(2025), np.int64(2026)]"
stedicam,2,"[np.int64(2025), np.int64(2026)]"
steller,2,"[np.int64(2025), np.int64(2026)]"
moonlght,2,"[np.int64(2025), np.int64(2026)]"
stoley,2,"[np.int64(2025), np.int64(2026)]"
sultan + shepard,2,"[np.int64(2022), np.int64(2023)]"
mitis,2,"[np.int64(2022), np.int64(2024)]"
mita gami,2,"[np.int64(2025), np.int64(2026)]"
miss monique,2,"[np.int64(2025), np.int64(2026)]"
mish,2,"[np.int64(2025), np.int64(2026)]"
mike posner,2,"[np.int64(2025), np.int64(2026)]"
mer bear,2,"[np.int64(2025), np.int64(2026)]"
memba,2,"[np.int64(2022), np.int64(2023)]"
meedy,2,"[np.int64(2025), np.int64(2026)]"
omnom,2,"[np.int64(2025), np.int64(2026)]"
$ami g,2,"[np.int64(2025), np.int64(2026)]"
dj pinke,2,"[np.int64(2025), np.int64(2026)]"
demigod,2,"[np.int64(2022), np.int64(2023)]"
d!ced,2,"[np.int64(2022), np.int64(2024)]"
amal nemer,2,"[np.int64(2025), np.int64(2026)]"
amelie lens,2,"[np.int64(2025), np.int64(2026)]"
backcourt,2,"[np.int64(2025), np.int64(2026)]"
amémé,2,"[np.int64(2025), np.int64(2026)]"
améméandbaron,2,"[np.int64(2025), np.int64(2026)]"
da capo,2,"[np.int64(2025), np.int64(2026)]"
danny avila,2,"[np.int64(2025), np.int64(2026)]"
caravel,2,"[np.int64(2025), np.int64(2026)]"
capozzi,2,"[np.int64(2022), np.int64(2023)]"
azzecca,2,"[np.int64(2023), np.int64(2024)]"
andre power,2,"[np.int64(2025), np.int64(2026)]"
disco dom,2,"[np.int64(2025), np.int64(2026)]"
camden cox,2,"[np.int64(2023), np.int64(2024)]"
cutdwn,2,"[np.int64(2025), np.int64(2026)]"
carlita,2,"[np.int64(2025), np.int64(2026)]"
fcukers,2,"[np.int64(2025), np.int64(2026)]"
crystal skies,2,"[np.int64(2022), np.int64(2024)]"
aly and fila,2,"[np.int64(2022), np.int64(2024)]"
fetish,2,"[np.int64(2022), np.int64(2023)]"
alves,2,"[np.int64(2025), np.int64(2026)]"
allenora,2,"[np.int64(2025), np.int64(2026)]"
bakke,2,"[np.int64(2022), np.int64(2023)]"
dena,2,"[np.int64(2025), np.int64(2026)]"
alignment,2,"[np.int64(2025), np.int64(2026)]"
dj slim mcgraw,2,"[np.int64(2025), np.int64(2026)]"
chris avantgarde,2,"[np.int64(2025), np.int64(2026)]"
alex chapman,2,"[np.int64(2025), np.int64(2026)]"
drėėėmy,2,"[np.int64(2025), np.int64(2026)]"
basstripper,2,"[np.int64(2025), np.int64(2026)]"
alcala bros,2,"[np.int64(2025), np.int64(2026)]"
daniel allan,2,"[np.int64(2025), np.int64(2026)]"
eli fola,2,"[np.int64(2025), np.int64(2026)]"
basswell,2,"[np.int64(2025), np.int64(2026)]"
david rust,2,"[np.int64(2025), np.int64(2026)]"
arodes,2,"[np.int64(2025), np.int64(2026)]"
brdwy,2,"[np.int64(2025), np.int64(2026)]"
david guetta,2,"[np.int64(2023), np.int64(2024)]"
dylan brady,2,"[np.int64(2025), np.int64(2026)]"
dr. apollo,2,"[np.int64(2022), np.int64(2023)]"
boys noize,2,"[np.int64(2025), np.int64(2026)]"
atdusk,2,"[np.int64(2022), np.int64(2023)]"
andrew rayel,2,"[np.int64(2022), np.int64(2024)]"
avi snow,2,"[np.int64(2025), np.int64(2026)]"
dreya v,2,"[np.int64(2023), np.int64(2024)]"
drinkurwater,2,"[np.int64(2025), np.int64(2026)]"
dea magna,2,"[np.int64(2025), np.int64(2026)]"
avalon,2,"[np.int64(2025), np.int64(2026)]"
dual damage,2,"[np.int64(2025), np.int64(2026)]"
armand van helden,2,"[np.int64(2025), np.int64(2026)]"
dr phunk,2,"[np.int64(2022), np.int64(2023)]"
aqutie,2,"[np.int64(2025), np.int64(2026)]"
apashe,2,"[np.int64(2025), np.int64(2026)]"
anoluxx,2,"[np.int64(2025), np.int64(2026)]"
brody jenner,2,"[np.int64(2025), np.int64(2026)]"
brutalismus 3000,2,"[np.int64(2025), np.int64(2026)]"
annicka,2,"[np.int64(2025), np.int64(2026)]"
dee/ma,2,"[np.int64(2025), np.int64(2026)]"
david forbes,2,"[np.int64(2025), np.int64(2026)]"
angel cannon,2,"[np.int64(2025), np.int64(2026)]"
ayybo,2,"[np.int64(2025), np.int64(2026)]"
darksiderz,2,"[np.int64(2022), np.int64(2024)]"
elephante,2,"[np.int64(2025), np.int64(2026)]"
doozie,2,"[np.int64(2025), np.int64(2026)]"
caleb dent,2,"[np.int64(2025), np.int64(2026)]"
andromedik,2,"[np.int64(2025), np.int64(2026)]"
dj minx,2,"[np.int64(2023), np.int64(2024)]"
born dirty,2,"[np.int64(2022), np.int64(2023)]"
dj lag,2,"[np.int64(2025), np.int64(2026)]"
cera khin,2,"[np.int64(2025), np.int64(2026)]"
corey biggs,2,"[np.int64(2025), np.int64(2026)]"
adam beyer,2,"[np.int64(2022), np.int64(2024)]"
ac slater,2,"[np.int64(2022), np.int64(2023)]"
dillon francis,2,"[np.int64(2022), np.int64(2024)]"
geo,2,"[np.int64(2022), np.int64(2024)]"
dj gigola,2,"[np.int64(2025), np.int64(2026)]"
cole knight,2,"[np.int64(2025), np.int64(2026)]"
gesaffelstein,2,"[np.int64(2025), np.int64(2026)]"
bexxie,2,"[np.int64(2022), np.int64(2023)]"
blond:ish,2,"[np.int64(2025), np.int64(2026)]"
dj fuckoff,2,"[np.int64(2025), np.int64(2026)]"
cloverdale,2,"[np.int64(2022), np.int64(2023)]"
classmatic,2,"[np.int64(2025), np.int64(2026)]"
clara cuvé,2,"[np.int64(2025), np.int64(2026)]"
cid,2,"[np.int64(2022), np.int64(2023)]"
6ejou,2,"[np.int64(2025), np.int64(2026)]"
bicep,2,"[np.int64(2025), np.int64(2026)]"
chris lorenzo,2,"[np.int64(2022), np.int64(2023)]"
33 below,2,"[np.int64(2025), np.int64(2026)]"
bleu clair,2,"[np.int64(2022), np.int64(2023)]"
gorgon city,2,"[np.int64(2025), np.int64(2026)]"
goshfather,2,"[np.int64(2025), np.int64(2026)]"
chris lake,2,"[np.int64(2022), np.int64(2023)]"
biia,2,"[np.int64(2025), np.int64(2026)]"
2ar,2,"[np.int64(2025), np.int64(2026)]"
bingewatch,2,"[np.int64(2022), np.int64(2023)]"
greg mike,2,"[np.int64(2025), np.int64(2026)]"
distinct motive,2,"[np.int64(2025), np.int64(2026)]"
12th planet,2,"[np.int64(2022), np.int64(2023)]"
bo knows,2,"[np.int64(2025), np.int64(2026)]"
champion,2,"[np.int64(2025), np.int64(2026)]"
deborah de luca,2,"[np.int64(2022), np.int64(2024)]"
country night,2,"[np.int64(2025), np.int64(2026)]"
funk tribu,2,"[np.int64(2025), np.int64(2026)]"
afromantis collective,2,"[np.int64(2025), np.int64(2026)]"
friction,2,"[np.int64(2022), np.int64(2023)]"
fredy lane,2,"[np.int64(2023), np.int64(2024)]"
funtcase,2,"[np.int64(2022), np.int64(2023)]"
furyanddknow (mc dino),2,"[np.int64(2025), np.int64(2026)]"
ahee,2,"[np.int64(2025), np.int64(2026)]"
ahmed spins,2,"[np.int64(2025), np.int64(2026)]"
bontan,2,"[np.int64(2025), np.int64(2026)]"
gaia (co),2,"[np.int64(2025), np.int64(2026)]"
cato anaya,2,"[np.int64(2025), np.int64(2026)]"
airglo,2,"[np.int64(2023), np.int64(2024)]"
adam ten,2,"[np.int64(2025), np.int64(2026)]"
boizy,2,"[np.int64(2025), np.int64(2026)]"
beltran,2,"[np.int64(2025), np.int64(2026)]"
airrica,2,"[np.int64(2025), np.int64(2026)]"
boris brejcha,2,"[np.int64(2022), np.int64(2023)]"
dj isaac,2,"[np.int64(2022), np.int64(2023)]"
borgore,2,"[np.int64(2022), np.int64(2023)]"
san holo,1,[np.int64(2022)]
bowie jane,1,[np.int64(2024)]
samwise,1,[np.int64(2022)]
ship wrek,1,[np.int64(2023)]
blanke,1,[np.int64(2023)]
blake.,1,[np.int64(2024)]
schala,1,[np.int64(2022)]
boston bun,1,[np.int64(2022)]
blossom,1,[np.int64(2022)]
sage armstrong,1,[np.int64(2023)]
saymyname,1,[np.int64(2023)]
said the sky,1,[np.int64(2023)]
blunts and blondes,1,[np.int64(2022)]
sam divine,1,[np.int64(2022)]
sally c,1,[np.int64(2024)]
salute,1,[np.int64(2023)]
s-doobie,1,[np.int64(2022)]
bombays,1,[np.int64(2022)]
sanzu,1,[np.int64(2024)]
bou,1,[np.int64(2024)]
shei,1,[np.int64(2023)]
sherelle,1,[np.int64(2023)]
sean lafayette,1,[np.int64(2023)]
sabai,1,[np.int64(2023)]
richie panic,1,[np.int64(2022)]
ruff hauser,1,[np.int64(2022)]
brainchild,1,[np.int64(2022)]
cat and maomi,1,[np.int64(2024)]
qrion,1,[np.int64(2022)]
cat dealers,1,[np.int64(2022)]
pyke,1,[np.int64(2024)]
purple disco machine,1,[np.int64(2024)]
purple,1,[np.int64(2022)]
prv. d,1,[np.int64(2024)]
prunk,1,[np.int64(2024)]
cats and boots records,1,[np.int64(2022)]
primal luxe,1,[np.int64(2023)]
porter robinson,1,[np.int64(2022)]
polar bears,1,[np.int64(2024)]
champagne drip,1,[np.int64(2023)]
chaney,1,[np.int64(2023)]
piques,1,[np.int64(2022)]
piilot,1,[np.int64(2024)]
pickle,1,[np.int64(2024)]
peggy gou,1,[np.int64(2024)]
peekaboo,1,[np.int64(2023)]
pawsa,1,[np.int64(2023)]
chapter and verse,1,[np.int64(2022)]
charles feelgood,1,[np.int64(2022)]
chef boyarbeatz,1,[np.int64(2024)]
paul denton,1,[np.int64(2023)]
patrick topping,1,[np.int64(2023)]
chelina manuhutu,1,[np.int64(2024)]
chibs,1,[np.int64(2024)]
chocolate sushi,1,[np.int64(2022)]
panteros666,1,[np.int64(2024)]
r.a.w.,1,[np.int64(2023)]
rachep,1,[np.int64(2022)]
rad cat,1,[np.int64(2022)]
carl cox,1,[np.int64(2024)]
ruben de ronde,1,[np.int64(2022)]
roy wilkins,1,[np.int64(2022)]
brandi cyrus,1,[np.int64(2024)]
roswell,1,[np.int64(2022)]
brandon elliot,1,[np.int64(2022)]
rommii,1,[np.int64(2024)]
brennan heart,1,[np.int64(2023)]
brina knauss,1,[np.int64(2024)]
bryan kearney,1,[np.int64(2024)]
bryan matthew,1,[np.int64(2024)]
riot,1,[np.int64(2024)]
burko,1,[np.int64(2022)]
candl,1,[np.int64(2022)]
renegade system,1,[np.int64(2022)]
radical redemption,1,[np.int64(2022)]
renato s,1,[np.int64(2022)]
carl craig,1,[np.int64(2022)]
reinier zonneveld,1,[np.int64(2023)]
redline,1,[np.int64(2024)]
rebelion,1,[np.int64(2023)]
rebel scum,1,[np.int64(2024)]
carlo key,1,[np.int64(2022)]
carola,1,[np.int64(2023)]
rayben,1,[np.int64(2024)]
cassian,1,[np.int64(2024)]
rated r,1,[np.int64(2024)]
ranger trucco,1,[np.int64(2024)]
castor and pollux,1,[np.int64(2024)]
sicaria,1,[np.int64(2024)]
griz,1,[np.int64(2023)]
black v neck,1,[np.int64(2022)]
alec monopoly,1,[np.int64(2023)]
wave point,1,[np.int64(2022)]
adventure club,1,[np.int64(2024)]
wasted penguinz,1,[np.int64(2024)]
afrodisiac,1,[np.int64(2024)]
air2earth,1,[np.int64(2022)]
vtss,1,[np.int64(2024)]
volac,1,[np.int64(2022)]
airwolf paradise,1,[np.int64(2024)]
vlcn,1,[np.int64(2024)]
vktm,1,[np.int64(2024)]
ak sports,1,[np.int64(2023)]
akaio,1,[np.int64(2024)]
alan walker,1,[np.int64(2022)]
alchimyst,1,[np.int64(2024)]
alexandar smash,1,[np.int64(2022)]
wenzday,1,[np.int64(2022)]
algo,1,[np.int64(2024)]
uniiqu3,1,[np.int64(2022)]
alix perez,1,[np.int64(2022)]
tsha,1,[np.int64(2022)]
trym,1,[np.int64(2024)]
truth x lies,1,[np.int64(2022)]
alyx ander,1,[np.int64(2022)]
troyboi,1,[np.int64(2024)]
tritonal,1,[np.int64(2022)]
triode,1,[np.int64(2023)]
anabel englund,1,[np.int64(2023)]
township rebellion,1,[np.int64(2023)]
anden,1,[np.int64(2023)]
tong,1,[np.int64(2024)]
adam x,1,[np.int64(2024)]
wes pierce,1,[np.int64(2024)]
tom and collins,1,[np.int64(2023)]
[ivy],1,[np.int64(2024)]
öwnboss,1,[np.int64(2024)]
zuezeu,1,[np.int64(2024)]
1991,1,[np.int64(2022)]
zof,1,[np.int64(2024)]
zingara,1,[np.int64(2024)]
zhu,1,[np.int64(2022)]
30 year dance party,1,[np.int64(2023)]
zen freeman,1,[np.int64(2024)]
5godz,1,[np.int64(2022)]
young bombs,1,[np.int64(2023)]
8kays,1,[np.int64(2023)]
yoshi and razner,1,[np.int64(2023)]
yolanda be cool,1,[np.int64(2022)]
999999999,1,[np.int64(2023)]
a hundred drums,1,[np.int64(2023)]
adam pearce,1,[np.int64(2024)]
a shade of black,1,[np.int64(2024)]
a-trak,1,[np.int64(2022)]
xijaro and pitch,1,[np.int64(2022)]
xenaa,1,[np.int64(2024)]
a.m.c,1,[np.int64(2022)]
x-coast,1,[np.int64(2024)]
above and beyond,1,[np.int64(2023)]
acidtwiins,1,[np.int64(2022)]
adam auburn,1,[np.int64(2022)]
will atkinson,1,[np.int64(2023)]
wilkinson,1,[np.int64(2024)]
wildstylez,1,[np.int64(2022)]
who's john,1,[np.int64(2024)]
whipped cream,1,[np.int64(2022)]
tones,1,[np.int64(2023)]
anderson m,1,[np.int64(2022)]
sidney charles,1,[np.int64(2024)]
sofi tukker,1,[np.int64(2024)]
staysick,1,[np.int64(2024)]
baby weight,1,[np.int64(2022)]
stanley kubrix,1,[np.int64(2022)]
spency be,1,[np.int64(2022)]
spencer brown,1,[np.int64(2023)]
space motion,1,[np.int64(2023)]
bakr,1,[np.int64(2023)]
barely alive,1,[np.int64(2023)]
bear grillz,1,[np.int64(2022)]
bec,1,[np.int64(2024)]
ben böhmer,1,[np.int64(2022)]
sonny fodera,1,[np.int64(2023)]
solh,1,[np.int64(2022)]
ben nickyandsub zero project,1,[np.int64(2023)]
so tuff so cute,1,[np.int64(2022)]
avision,1,[np.int64(2022)]
ben ufo,1,[np.int64(2023)]
slippy,1,[np.int64(2022)]
slander presents before dawn,1,[np.int64(2024)]
benny benassi,1,[np.int64(2024)]
skye,1,[np.int64(2022)]
bensley,1,[np.int64(2023)]
skonka,1,[np.int64(2022)]
skin on skin,1,[np.int64(2024)]
skemaddox,1,[np.int64(2022)]
bianca oblivion,1,[np.int64(2024)]
sinopoli,1,[np.int64(2022)]
simply jeff,1,[np.int64(2023)]
big giganticandnghtmre,1,[np.int64(2022)]
bijou,1,[np.int64(2022)]
steve aoki,1,[np.int64(2024)]
suae,1,[np.int64(2023)]
todd terry,1,[np.int64(2023)]
teko,1,[np.int64(2024)]
tnt,1,[np.int64(2022)]
andrew bayer,1,[np.int64(2024)]
tinykvt,1,[np.int64(2022)]
tinlicker,1,[np.int64(2022)]
andruss,1,[np.int64(2024)]
thunderpony,1,[np.int64(2022)]
thomas garcia,1,[np.int64(2024)]
anfisa letyago,1,[np.int64(2022)]
angerfist,1,[np.int64(2024)]
the living proof,1,[np.int64(2024)]
ann clue,1,[np.int64(2022)]
testpilot,1,[np.int64(2022)]
tempo giusto,1,[np.int64(2022)]
telykast,1,[np.int64(2022)]
arboles pintados,1,[np.int64(2024)]
sub focus,1,[np.int64(2024)]
atb,1,[np.int64(2022)]
talon,1,[np.int64(2022)]
talla 2xlc,1,[np.int64(2024)]
tale of us,1,[np.int64(2022)]
tailspin,1,[np.int64(2024)]
súbelo neo,1,[np.int64(2024)]
atmozfears,1,[np.int64(2024)]
swage,1,[np.int64(2022)]
svnf8,1,[np.int64(2022)]
audien,1,[np.int64(2022)]
audiofreqandcode blackandtoneshifterz,1,[np.int64(2022)]
autograf,1,[np.int64(2022)]
sub focusandwilkinson,1,[np.int64(2022)]
sub focusanddimensionandculture shockand1991,1,[np.int64(2024)]
paco osuna,1,[np.int64(2023)]
no mana,1,[np.int64(2022)]
osyris,1,[np.int64(2023)]
felix da housecat,1,[np.int64(2022)]
ellen allien,1,[np.int64(2023)]
kassel,1,[np.int64(2024)]
eliminate,1,[np.int64(2023)]
kaytranada,1,[np.int64(2023)]
kayzoandspace lacesandmust die!,1,[np.int64(2024)]
keekz,1,[np.int64(2022)]
keltek,1,[np.int64(2024)]
elevate two,1,[np.int64(2023)]
kepik,1,[np.int64(2024)]
kettama,1,[np.int64(2023)]
1080p,1,[np.int64(2024)]
kevin saunderson,1,[np.int64(2024)]
khiva,1,[np.int64(2024)]
khomha,1,[np.int64(2024)]
khromata,1,[np.int64(2022)]
emorfik,1,[np.int64(2024)]
enamour,1,[np.int64(2023)]
eprom,1,[np.int64(2022)]
jyoty,1,[np.int64(2024)]
joyryde,1,[np.int64(2024)]
fallon,1,[np.int64(2024)]
julienne by,1,[np.int64(2022)]
junkie kid,1,[np.int64(2022)]
fallenanddknow (mc dino),1,[np.int64(2024)]
justin jay,1,[np.int64(2024)]
evol intent,1,[np.int64(2022)]
kanine,1,[np.int64(2022)]
k?d,1,[np.int64(2022)]
everen maxwell,1,[np.int64(2024)]
kaivon,1,[np.int64(2023)]
evan giia,1,[np.int64(2022)]
eric mark,1,[np.int64(2022)]
eptic,1,[np.int64(2023)]
el monk,1,[np.int64(2022)]
egzod,1,[np.int64(2024)]
eddie,1,[np.int64(2022)]
lavish life,1,[np.int64(2024)]
kyle walker,1,[np.int64(2024)]
lab group,1,[np.int64(2022)]
dr. defiant,1,[np.int64(2022)]
lala,1,[np.int64(2024)]
lane 8,1,[np.int64(2023)]
dot,1,[np.int64(2022)]
layd,1,[np.int64(2022)]
kwon,1,[np.int64(2022)]
layla benitez,1,[np.int64(2023)]
doses,1,[np.int64(2024)]
lāsh,1,[np.int64(2022)]
le twins,1,[np.int64(2023)]
doctor pandfuntcase,1,[np.int64(2022)]
lee foss,1,[np.int64(2022)]
kx5,1,[np.int64(2022)]
duck sauce,1,[np.int64(2022)]
echod,1,[np.int64(2022)]
knock2,1,[np.int64(2022)]
kill script,1,[np.int64(2023)]
east end dubs,1,[np.int64(2024)]
dømina,1,[np.int64(2024)]
kj sawka,1,[np.int64(2023)]
klangkuenstler,1,[np.int64(2024)]
klaxx,1,[np.int64(2023)]
knowmans,1,[np.int64(2022)]
duke dumont,1,[np.int64(2023)]
dvrko,1,[np.int64(2022)]
korsky,1,[np.int64(2022)]
dustycloud,1,[np.int64(2022)]
kozmoz,1,[np.int64(2024)]
dustin husain,1,[np.int64(2023)]
kreation,1,[np.int64(2024)]
fantom freq,1,[np.int64(2022)]
ferreck dawn,1,[np.int64(2023)]
lenny dee,1,[np.int64(2023)]
joluca,1,[np.int64(2024)]
hi-lo,1,[np.int64(2024)]
ghastly,1,[np.int64(2024)]
getter,1,[np.int64(2022)]
hixxy,1,[np.int64(2024)]
hoang,1,[np.int64(2023)]
honey,1,[np.int64(2023)]
honey dijon,1,[np.int64(2022)]
gentlemens club,1,[np.int64(2023)]
gene farris,1,[np.int64(2022)]
gem and tauri,1,[np.int64(2022)]
hpnotic,1,[np.int64(2022)]
gareth emery,1,[np.int64(2023)]
hulk gang (valentino khan + 4b),1,[np.int64(2022)]
ganja white night,1,[np.int64(2022)]
hush,1,[np.int64(2022)]
ghost in real life,1,[np.int64(2024)]
helloworld,1,[np.int64(2022)]
helen ka,1,[np.int64(2024)]
grafix,1,[np.int64(2023)]
gryffin,1,[np.int64(2024)]
grimes,1,[np.int64(2022)]
haai,1,[np.int64(2024)]
haliene,1,[np.int64(2024)]
green velvet,1,[np.int64(2024)]
gravedgr,1,[np.int64(2024)]
hannah wants,1,[np.int64(2023)]
gibson parker,1,[np.int64(2022)]
goodboys,1,[np.int64(2023)]
harry romero,1,[np.int64(2022)]
good times ahead,1,[np.int64(2022)]
golf clap,1,[np.int64(2022)]
headhunterz,1,[np.int64(2022)]
glittrcat,1,[np.int64(2023)]
hvdes,1,[np.int64(2023)]
hybrid minds,1,[np.int64(2022)]
gammer,1,[np.int64(2023)]
four tet,1,[np.int64(2024)]
jason ross,1,[np.int64(2022)]
jauz,1,[np.int64(2022)]
jawns,1,[np.int64(2022)]
jayda g,1,[np.int64(2022)]
jeanie,1,[np.int64(2024)]
jeff mills,1,[np.int64(2023)]
fleur shore,1,[np.int64(2024)]
jamie jones,1,[np.int64(2024)]
flashgang,1,[np.int64(2022)]
joel corry,1,[np.int64(2022)]
john 00 fleming,1,[np.int64(2024)]
john bryars,1,[np.int64(2023)]
john o'callaghan,1,[np.int64(2022)]
fjaak,1,[np.int64(2022)]
jason blakemore,1,[np.int64(2023)]
jamesjamesjames,1,[np.int64(2023)]
if found,1,[np.int64(2023)]
fun2bjane,1,[np.int64(2024)]
ilan bluestone,1,[np.int64(2022)]
ilario alicante,1,[np.int64(2022)]
galantis,1,[np.int64(2023)]
imanbek,1,[np.int64(2022)]
gabriel and dresden,1,[np.int64(2022)]
g jones,1,[np.int64(2022)]
friendly fire,1,[np.int64(2024)]
james kennedy,1,[np.int64(2024)]
isaac civil,1,[np.int64(2023)]
fred everything,1,[np.int64(2023)]
franky wah,1,[np.int64(2023)]
jaded,1,[np.int64(2023)]
jai wolf,1,[np.int64(2022)]
frankie bones,1,[np.int64(2023)]
lee wells,1,[np.int64(2023)]
lenny v,1,[np.int64(2023)]
oscure,1,[np.int64(2023)]
daxson,1,[np.int64(2024)]
moody good,1,[np.int64(2023)]
moore kismet,1,[np.int64(2022)]
morelia,1,[np.int64(2022)]
morgin madison,1,[np.int64(2022)]
morpei,1,[np.int64(2022)]
d. zeledon,1,[np.int64(2024)]
culture shock,1,[np.int64(2024)]
mrotek,1,[np.int64(2023)]
muzz,1,[np.int64(2022)]
mvse,1,[np.int64(2023)]
mxm,1,[np.int64(2022)]
cristoph,1,[np.int64(2024)]
mystery jack,1,[np.int64(2022)]
nala,1,[np.int64(2023)]
crime family,1,[np.int64(2022)]
monika santucci,1,[np.int64(2024)]
moni,1,[np.int64(2022)]
modapit,1,[np.int64(2023)]
miane,1,[np.int64(2023)]
melé,1,[np.int64(2024)]
david guettaandmorten,1,[np.int64(2022)]
mersiv,1,[np.int64(2024)]
mesa and boss,1,[np.int64(2024)]
metrik,1,[np.int64(2023)]
metta and glyde,1,[np.int64(2024)]
midnight tyrannosaurus,1,[np.int64(2023)]
dabin,1,[np.int64(2024)]
mija,1,[np.int64(2022)]
mike dunn,1,[np.int64(2023)]
mind against,1,[np.int64(2024)]
danyelino,1,[np.int64(2022)]
danny daze,1,[np.int64(2023)]
mk,1,[np.int64(2024)]
naz,1,[np.int64(2024)]
crespo,1,[np.int64(2023)]
neon black,1,[np.int64(2024)]
coco and breezy,1,[np.int64(2022)]
nurko,1,[np.int64(2023)]
colored craig,1,[np.int64(2022)]
odd mobandomnom,1,[np.int64(2024)]
oddkidout,1,[np.int64(2023)]
codeko,1,[np.int64(2024)]
oden and fatzo,1,[np.int64(2024)]
christopher lawrence,1,[np.int64(2023)]
connor q,1,[np.int64(2023)]
on deck,1,[np.int64(2022)]
one true god,1,[np.int64(2022)]
onyvaa,1,[np.int64(2022)]
chris jay,1,[np.int64(2022)]
orjan nilsenandmark sixma,1,[np.int64(2024)]
orso,1,[np.int64(2023)]
noyznthehood,1,[np.int64(2024)]
coone,1,[np.int64(2023)]
creeds,1,[np.int64(2024)]
corey sizemore,1,[np.int64(2022)]
nes,1,[np.int64(2022)]
craze,1,[np.int64(2022)]
craig connelly,1,[np.int64(2022)]
corrupt (uk),1,[np.int64(2023)]
nicole moudaber,1,[np.int64(2024)]
nifra,1,[np.int64(2024)]
niles shepard,1,[np.int64(2022)]
no thanks,1,[np.int64(2022)]
corey divine,1,[np.int64(2023)]
ninajirachi,1,[np.int64(2024)]
nitepunk,1,[np.int64(2022)]
nitti,1,[np.int64(2022)]
no etiquette,1,[np.int64(2023)]
grizandsubtronics,1,[np.int64(2023)]
david morales,1,[np.int64(2023)]
mc4d,1,[np.int64(2024)]
doctor p,1,[np.int64(2022)]
mc xyz,1,[np.int64(2022)]
lovefingers,1,[np.int64(2023)]
lp giobbi,1,[np.int64(2022)]
lsdream,1,[np.int64(2024)]
lucati,1,[np.int64(2022)]
lucky rabbit,1,[np.int64(2022)]
luckyroll,1,[np.int64(2022)]
lupa,1,[np.int64(2022)]
dj dan,1,[np.int64(2023)]
maanic,1,[np.int64(2022)]
machete,1,[np.int64(2023)]
macky gee,1,[np.int64(2022)]
mad gavs,1,[np.int64(2024)]
dj 30rack,1,[np.int64(2024)]
madeon,1,[np.int64(2022)]
malaa,1,[np.int64(2023)]
louiejayxx,1,[np.int64(2024)]
louie vega,1,[np.int64(2023)]
dj hazel,1,[np.int64(2024)]
lizzy jane,1,[np.int64(2024)]
dj trance,1,[np.int64(2023)]
dj topgun,1,[np.int64(2023)]
lilly palmer,1,[np.int64(2024)]
link,1,[np.int64(2022)]
dj mad dog,1,[np.int64(2022)]
lisbona sisters,1,[np.int64(2024)]
llllnnnn,1,[np.int64(2022)]
dj heartstring,1,[np.int64(2024)]
lny tnz,1,[np.int64(2022)]
dj holographic,1,[np.int64(2022)]
dj heather,1,[np.int64(2022)]
longstoryshort,1,[np.int64(2022)]
lost frequencies,1,[np.int64(2024)]
lost like us,1,[np.int64(2024)]
disco fries,1,[np.int64(2024)]
dirt monkey,1,[np.int64(2023)]
malóne,1,[np.int64(2024)]
delta heavy,1,[np.int64(2022)]
derrick carter,1,[np.int64(2022)]
dennis ferrer,1,[np.int64(2023)]
denis sulta,1,[np.int64(2024)]
mat zo,1,[np.int64(2022)]
matisa,1,[np.int64(2024)]
matt denuzzo,1,[np.int64(2024)]
definitive,1,[np.int64(2022)]
marten hørger,1,[np.int64(2023)]
matt sassari,1,[np.int64(2024)]
matt suave,1,[np.int64(2024)]
matthias,1,[np.int64(2022)]
dee jay silver,1,[np.int64(2024)]
declan jamesanddecoder,1,[np.int64(2023)]
deadmau5,1,[np.int64(2024)]
devault,1,[np.int64(2024)]
marshmello,1,[np.int64(2023)]
mandy,1,[np.int64(2024)]
mark farina,1,[np.int64(2022)]
manics,1,[np.int64(2024)]
diplo,1,[np.int64(2024)]
dionysusandyosuf,1,[np.int64(2023)]
dion timmer,1,[np.int64(2023)]
marcel dettmann,1,[np.int64(2024)]
diesel,1,[np.int64(2022)]
diamond dallas tex,1,[np.int64(2022)]
marsh,1,[np.int64(2024)]
markus schulz,1,[np.int64(2024)]
marlie,1,[np.int64(2024)]
marlo,1,[np.int64(2022)]
deyo,1,[np.int64(2022)]
marques wyatt,1,[np.int64(2022)]
mars,1,[np.int64(2022)]
kevin de vries,1,[np.int64(2024)]
