artist,agency
[IVY],uta
1010benja,uta
15  15,uta
2BYG,uta
2manydjs,uta
3 Doors Down,uta
33  Below,uta
347aidan,uta
49th  & Main,uta
802,uta
A  Day To Remember,uta
A.N.I.,uta
Aaron  Page,uta
Aaron  Hibell,uta
ACRAZE,uta
Action  Bronson,uta
Adam  Sellouk,uta
Adam  Deitch Quartet,uta
Adam  Ant,uta
Adam Deitch,uta
Adanna  Duru,uta
Adekunle  Gold,uta
Adventure Club,uta
Aesop Rock,uta
Agnez Mo,uta
Aiyana-Lee,uta
AJ  Tracey,uta
AJ  McLean,uta
AKIA,uta
Akon,uta
Alana Springsteen,uta
Alec Monopoly,uta
Alex  Vaughn,uta
Alex  Mills,uta
Alex Porat,uta
AleXa,uta
Alexandar  Smash,uta
Alexisonfire,uta
Alfie Boe,uta
Alice Russell,uta
Alice Cooper,uta
Alina  Pash,uta
Alisa  Xayalith,uta
Alison  Moyet,uta
All  Them Witches,uta
Allen  Stone,uta
Ally  Salort,uta
Ally Brooke,uta
almost  monday,uta
ALTÉGO,uta
Alter Bridge,uta
Aly  & AJ,uta
Alyssa  Jolee,uta
Ama,uta
Amanda Shires,uta
Amaria,uta
Amber  Iman,uta
American  Nightmare,uta
American Idol Live,uta
Amerie,uta
Amie  Blu,uta
AMPERS&ONE,uta
ÅMRTÜM,uta
Anabel Englund,uta
Anahit Vardanyan,uta
Anderson  .Paak,uta
Anderson  East,uta
Andra  Day,uta
Andre  Power,uta
Andrew  Rannells,uta
Andrew  Cushin,uta
Andy C,uta
anees,uta
Anella,uta
ANETHA,uta
Angela  Aguilar,uta
Angele,uta
Angerfist,uta
Angrybaby,uta
Anita  Baker,uta
Anitta,uta
Ankhoï,uta
Ann  Clue,uta
Anna  Shoemaker,uta
Anna Of The North,uta
Annie  Tracy,uta
Annie-Dog,uta
Anohni,uta
Anomalie,uta
Antony Szmierek,uta
Apache,uta
Apashe,uta
Arca,uta
ARCH  ENEMY,uta
Arielle  Free,uta
Arka,uta
Arkells,uta
Arlo,uta
Arlo  Parks,uta
ARMNHMR,uta
Aron  Piper,uta
Arrows  in Action,uta
Art  Garfunkel,uta
Art School Girlfriend,uta
Arthi,uta
Artwork,uta
Asal,uta
ascendant vierge,uta
Ash,uta
Ash Olsen,uta
Asher Angel,uta
Ashley  Walters,uta
asiris,uta
At The Gates,uta
AtHeart,uta
ATLiens,uta
ATRIP,uta
Audien,uta
Auds.,uta
AURORA,uta
Austin  Brown,uta
Austin  Millz,uta
AVELLO,uta
Avery  Wilson,uta
AxMxP,uta
Aya  Nakamura,uta
Ayra  Starr,uta
Ayybo,uta
AZ  Chike,uta
Aziya,uta
B.o.B,uta
B*witched,uta
Baby  Osama,uta
Baby  Rose,uta
Babyface  Ray,uta
Babymorocco,uta
Bad  Bunny,uta
Bad  Gyal,uta
Bad Boy Chiller Crew,uta
BADBADNOTGOOD,uta
Badger,uta
Bailey Bryan,uta
Baird,uta
BALTHVS,uta
Balu  Brigada,uta
Bambara,uta
BAMBII,uta
Band-Maid,uta
BANKS,uta
BANNERS,uta
Baobei,uta
Barely  Alive,uta
Bart  Skils,uta
Bas,uta
Basement Jaxx,uta
Bassjackers,uta
Bassvictim,uta
Bawo,uta
BcK,uta
Bear  Grillz,uta
Bear's  Den,uta
Beauty  School Dropout,uta
Bebe Rexha,uta
Bec  Lauder & The Noise,uta
Bella  Poarch,uta
Bellah Mae,uta
Ben  Hemsley,uta
Ben Nicky,uta
Ben Chapman,uta
Ben Kessler,uta
benches,uta
Benda,uta
Benedict  Cork,uta
Benjamin  Booker,uta
Benjamin Clementine,uta
Benji.,uta
Benny  G,uta
Benny Sings,uta
Beoga,uta
Beth  McCarthy,uta
Between Friends,uta
Big  Florida,uta
Big  Wreck,uta
Big  Gigantic,uta
Big  Sean,uta
Big  Freedia,uta
Big  Hit,uta
Bikini Trill,uta
Bird  and Byron,uta
Bird On the Wire: The Songs of Leonard Cohen,uta
Birksie,uta
Bitty  Mclean,uta
Björk,uta
BJRNCK,uta
Black  Tiger Sex Machine,uta
Black  Pistol Fire,uta
blackbear,uta
BlackHawk,uta
Blanco  White,uta
Blanco  Brown,uta
Blanke,uta
Blastoyz,uta
Blaxian,uta
Bleep  Bloop,uta
Bleu Clair,uta
blk.,uta
Blossoms,uta
Blue,uta
Blue Hawaii,uta
Blues  Traveler,uta
Blusher,uta
Blxst,uta
Bob  The Drag Queen,uta
bodie,uta
BOLO  THE DJ,uta
BombayMami,uta
Bon  Entendeur,uta
Bone  Thugs-N-Harmony,uta
Bonobo,uta
Boombox Cartel,uta
Borgeous,uta
Boris  Brejcha,uta
borne,uta
Bou,uta
Boy  Throb,uta
Boy  Soda,uta
Boy  & Bear,uta
Boys  Like Girls,uta
BoyWithUke,uta
Bradeazy,uta
Bradley  Simpson,uta
Brandon  Lake,uta
Brandon  Wisham,uta
Break Science,uta
Breakbot,uta
breakk.away,uta
Breathe  Carolina,uta
Brenn!,uta
Bresh,uta
Bret  McKenzie,uta
Bret Michaels,uta
Brian  Wilson (Estate),uta
Bricknasty,uta
Bridgit  Mendler,uta
Bring  Me The Horizon,uta
Brittney Spencer,uta
Brix  Smith,uta
Bro Safari,uta
Brody  Grant,uta
Brody  Jenner,uta
Broken  Hill,uta
Brondo,uta
Brooke  Shields,uta
Bru-C,uta
Bruise  Control,uta
Budjerah,uta
Buffalo  Traffic Jam,uta
BUNT.,uta
Burna  Boy,uta
Bush,uta
Busta  Rhymes,uta
Busted,uta
Busty  and the Bass,uta
Butthole  Surfers,uta
By  Storm,uta
C.  Tangana,uta
Cabaret  Voltaire,uta
Calcium,uta
Cam,uta
Camo & Krooked,uta
camoufly,uta
Cancer  Bats,uta
Candi  Staton,uta
Candlebox,uta
Capital  Cities,uta
Capochino,uta
Caravan Palace,uta
Cardi  B,uta
Carla  Morrison,uta
Carla Bruni,uta
Carmen DeLeon,uta
Carpenter  Brut,uta
Carter  Vail,uta
Cash  & Skye,uta
Cash Cash,uta
Cashmere  Cat,uta
Caspa,uta
Cassandra  Coleman,uta
Cassia,uta
Cassyette,uta
Cat  Matthews,uta
"Cat  Empire, The",uta
Chaka  Khan,uta
Champion,uta
Chance  the Rapper,uta
Chancey  Williams,uta
Chandler  Leighton,uta
Chanel  Loren,uta
Channing  Wilson,uta
Charli  D'Amelio,uta
Charlie  Puth,uta
Charlie  Worsham,uta
Charlotte  Day Wilson,uta
Charlotte  Sands,uta
Charlotte  Haining,uta
Charlotte Cardin,uta
Charly  Bliss,uta
Chase  Shakur,uta
Chase  Matthew,uta
Chayce  Beckham,uta
Cheddar Gorgeous,uta
Chelsea  Jordan,uta
Cher  Lloyd,uta
Cherry  Tooth,uta
Chet  Faker,uta
Chevy  Metal,uta
Chezile,uta
Choir!  Choir! Choir!,uta
Choker,uta
Chow  Lee,uta
Chris  Patrick,uta
Chris  Lanzon,uta
Chris  Avantgarde,uta
Chris  Brown,uta
Chris  James,uta
Chris Difford,uta
Christeene,uta
Christina  Aguilera,uta
Christine  & the Queens,uta
"Christone  ""Kingfish"" Ingram",uta
CHYL,uta
CieraTheRapper,uta
Cimafunk,uta
CKay,uta
cktrl,uta
CL,uta
Claire Richards,uta
Clara  La San,uta
Classmatic,uta
Clay  Walker,uta
Cleopatrick,uta
Clint  Black,uta
Close  Friends Only,uta
CloZee,uta
Club  Angel,uta
Clutch,uta
COBRAH,uta
COIN,uta
Cold Cave,uta
Colin Stough,uta
Colt  Graves,uta
Colt  Ford,uta
Common  People,uta
Conducta,uta
Congress  the Band,uta
CONTACT  SPORTS,uta
Continental GT,uta
Control  Freak,uta
Corbin,uta
Cordelia,uta
Cory  Henry,uta
Cozz,uta
Craig  Armstrong,uta
Craig  David Presents TS5,uta
Craig  David,uta
Crazy Cousinz,uta
Creed,uta
Cristale,uta
Cristin Milioti,uta
Crown Lands,uta
Crucast,uta
Crush,uta
Crystal  Murray,uta
Cult  Of Venus,uta
Culture  Shock,uta
Cure  for Paranoia,uta
Curly J,uta
Cyclops,uta
Cymande,uta
Cyndi  Lauper,uta
Cynthia Erivo,uta
CYRIL,uta
D  Double E,uta
D-A-D,uta
Dabeull,uta
Dabin,uta
Dada  Jones,uta
Daði  Freyr,uta
DAISY  WORLD,uta
Daisy the Great,uta
Dalton Dover,uta
Damian  Lewis,uta
Dan  Whitlam,uta
Dana and Alden,uta
Daniel  Allan,uta
Daniel  Lismore,uta
Daniel Seavey,uta
Daniel Rossen,uta
Daniel Johnston Estate,uta
Daniela Lalita,uta
DaniLeigh,uta
Daniyel,uta
Danko Jones,uta
Danna,uta
DANNY  AVILA,uta
Dashboard  Confessional,uta
Daughtry,uta
Dave  Barnes,uta
Dave  Summer,uta
Dave Mason,uta
David  Hasselhoff,uta
David  Keenan,uta
David  Byrne,uta
David  Frank,uta
David Sylvian,uta
David  Gilmour,uta
Dax,uta
Dayglow,uta
DC  The Don,uta
DDG,uta
DE'WAYNE,uta
Dead  X,uta
Deed0t,uta
Deep  Purple,uta
Defects,uta
Delta  Goodrem,uta
Demae,uta
Denise  Julia,uta
Denise Chaila,uta
Dennis Quaid,uta
Denzel  Curry,uta
Deorro,uta
Derek Hough,uta
Desire,uta
Despacio,uta
Destiny Rogers,uta
Devour  the Day,uta
DIAMANTE,uta
Die  Antwoord,uta
Diffrent,uta
Diggy  Graves,uta
Dillon  James,uta
Dillon  Francis,uta
Dimension,uta
Dinah Jane,uta
Dion  Timmer,uta
Diplo,uta
Dirty  Honey,uta
Dirty Heads,uta
Disciples,uta
Disfreq,uta
Disney  Princess the Concert,uta
Distant  Matter,uta
Distinct Motive,uta
DITZ,uta
Dizzee  Rascal,uta
Dj  Pee .Wee,uta
DJ  Tennis,uta
DJ  Starrza,uta
DJ  Maphorisa,uta
DJ  Mandy,uta
DJ  Jazzy Jeff,uta
DJ  Shadow,uta
DJ Khaled,uta
DJ Zinc,uta
DJ Q,uta
DJ_Dave,uta
Djammin,uta
DMA'S,uta
DNCE,uta
Doctor  P,uta
Dolly  Parton,uta
Dom  Kennedy,uta
Dombrance,uta
DOMi & JD Beck,uta
DØMINA,uta
Don  Toliver,uta
Don Felder,uta
Donny  Osmond,uta
Donovan Woods,uta
Dorian  Electra,uta
Douvelle19,uta
DPR  CREAM,uta
DPR  ARTIC,uta
DPR  IAN,uta
Drake  McCain,uta
Drake White,uta
Dre Skull,uta
Dreamer Isioma,uta
dreamfone,uta
Drew  Baldridge,uta
Drew Holcomb,uta
Droeloe,uta
Duckwrth,uta
Durand Jones,uta
DUSKUS,uta
Dwight  Yoakam,uta
Dylan  Ali,uta
Dylan  Gossett,uta
Dylan Sinclair,uta
Dynamicduo,uta
Dystinct,uta
eaJ,uta
Earl  Sweatshirt,uta
EARTHGANG,uta
East  End Dubs,uta
Eazybaked,uta
Ebony  Riley,uta
Eddie Zuko,uta
Eddie Benjamin,uta
EDEN,uta
Edgar  Winter,uta
Edwin McCain,uta
eee  gee,uta
Effin,uta
El Malilla,uta
Eladio Carrion,uta
Elby  Faser,uta
Elder  Island,uta
Elephante,uta
Elevation  Rhythm,uta
Elevation Worship,uta
ELHAE,uta
Eli Brown,uta
Eli Young Band,uta
Elias  Hix,uta
Elijah  Woods,uta
Elijah & Skilliam,uta
Elke,uta
Ella  Hunt,uta
Ella  Mai,uta
Elles  Bailey,uta
Elley Duhé,uta
Ellrod,uta
Elohim,uta
Ely  Oaks,uta
Elysia  Biro,uta
Embrace,uta
Emei,uta
Emily  Ann Roberts,uta
Emily  Nash,uta
Emma-Jean  Thackray,uta
Emmit  Fenn,uta
Emmy  Russell,uta
Emorfik,uta
emory,uta
Emotional Oranges,uta
EMPIRICAL,uta
Emyrson  Flora,uta
Ena  Mori,uta
"English  Beat, The",uta
English  Teacher,uta
EPTIC,uta
Eric Burdon and the Animals,uta
Erika de Casier,uta
Erin LeCount,uta
Erol  Alkan,uta
Ethan  Bortnick,uta
EthanUno,uta
Ethel,uta
Europe,uta
Eve,uta
Excision,uta
Eynka,uta
Fairlane,uta
Fally  Ipupa,uta
Fancy  Hagood,uta
Far Caspian,uta
Fields  Of The Nephilim,uta
FIG,uta
FIGHTMASTER,uta
Fil  Eisler,uta
Finbar  Furey,uta
Fine,uta
Finn  Foxell,uta
Finn Askew,uta
"FIXX,  The",uta
FKA  twigs,uta
Flava D,uta
Flawed  Mangoes,uta
Flo  Rida,uta
Florence  Sinclair,uta
Florence  + The Machine,uta
Florrie,uta
Flosstradamus,uta
Flux Pavilion,uta
Fly  By Midnight,uta
Foals,uta
Footsie,uta
Fordo,uta
Forrest  Frank,uta
Fortunate Youth,uta
Fousheé,uta
FOVOS,uta
Foxing,uta
Frankie  Stew & Harvey Gunn,uta
Frankie Ballard,uta
Franklin  Jonas,uta
Franky  Wah,uta
Freaks  & Geeks,uta
Free  Nationals,uta
French  Braids,uta
French  The Kid,uta
Friction,uta
From  Ashes To New,uta
Frozemode,uta
Fuel,uta
FuntCase,uta
G  Herbo,uta
Gabby's  Dollhouse Live!,uta
Gabito  Ballesteros,uta
Gabzy,uta
Gad  Elmaleh,uta
Gaia,uta
Galdive,uta
Games We Play,uta
Ganja White Night,uta
Gardella,uta
Gareth,uta
Gary  Barlow,uta
Gaskin,uta
GaTa,uta
Gavin  Rossdale,uta
Gavin Turek,uta
GAYLE,uta
Geddy  Lee,uta
GEE  LEE,uta
Gelli  Haha,uta
George  Pippen,uta
George Benson,uta
Gerry  Cinnamon,uta
Getter,uta
Ghastly,uta
GHENGAR,uta
Ghoulish,uta
Gina  Jeanz,uta
gio.,uta
Girl  Ultra,uta
girlfriends,uta
Giveon,uta
Gkat,uta
Gladde  Paling,uta
Glenn  Tilbrook,uta
Glokk40Spaz,uta
Gloria Gaynor,uta
Goapele,uta
Gogo  Penguin,uta
Gogol Bordello,uta
Good  Health Good Wealth,uta
Goodboys,uta
Goosey,uta
GorillaT,uta
Gottmik,uta
Grace  Gardner,uta
Grace  VanderWaal,uta
Grafix,uta
Graham  Barham,uta
Grand Funk Railroad,uta
GRAVEDGR,uta
Graveyard,uta
Grayscale,uta
Great  Grandpa,uta
greek,uta
Grey Zeigler,uta
Grimes,uta
Grizzly  Bear,uta
Grove,uta
Gunna,uta
Guns N' Roses,uta
Habstrakt,uta
HAFFWAY,uta
HAIM,uta
Hak  Baker,uta
Halfnoise,uta
Halsey,uta
Hamish  Hawk,uta
Hana  Eid,uta
Hank  Azaria and the EZ Street Band – A Springsteen Celebration,uta
Hans  Glader,uta
Hans  Williams,uta
Harper  Finn,uta
Harriet  Jaxxon,uta
Haste  The Day,uta
Hatebreed,uta
Haven  Madison,uta
Hayd,uta
Hayden  Blount,uta
Hayden  Coffman,uta
Hayla,uta
Hayley  Williams,uta
Haywyre,uta
Hazel  English,uta
Headwreck,uta
Heartworms,uta
Hedex,uta
Heléna  Star,uta
Hello  Yello,uta
Hellogoodbye,uta
Henry Moodie,uta
Henry Jamison,uta
HI-LO,uta
Hiatus  Kaiyote,uta
Highly  Suspect,uta
HILLARI,uta
HILLS,uta
Hilltop Hoods,uta
HIRIE,uta
Hiroko  Yamamura,uta
Hirsch,uta
Hit-Boy,uta
Hitty,uta
Hohnen  Ford,uta
HOL!,uta
Hollow  Pact,uta
Holly  Macve,uta
Hollywood  Vampires,uta
HOLY  PRIEST,uta
holywatr,uta
Home  Free,uta
Hope Tala,uta
horsegiirL,uta
House  of Pharaohs,uta
House  of Protection,uta
Howard  Donald,uta
Hudson  Mohawke,uta
Hugo  Chegwin,uta
Human  Movement,uta
Humble  the Great,uta
Hunter Flynn,uta
HURTBOX,uta
HVDES,uta
HWASA,uta
Hybrid Minds,uta
Iam Tongi,uta
Ichiko  Aoba,uta
Ida  Mae,uta
Idlewild,uta
Iggy  Azalea,uta
Igwe  Aka,uta
Ikky,uta
Illenium,uta
Ilsey,uta
IMANU,uta
Indo Warehouse,uta
Indy,uta
Infected Mushroom,uta
INFEKT,uta
Iniko,uta
INK,uta
Iris,uta
Isabella  Lovestory,uta
Isabella  Rossellini,uta
Issey  Cross,uta
ivri,uta
Iyla,uta
J.  Worra,uta
J. Cole,uta
J.I  the Prince of N.Y,uta
J.I.D,uta
Jack  Saunders,uta
Jack  Ü,uta
Jack Kane,uta
Jackie  Hollander,uta
Jackson  Homer,uta
Jacob  Jeffries,uta
Jacob  Collier,uta
Jacquees,uta
Jade Bird,uta
Jade Novah,uta
Jaden  Bojsen,uta
Jae  Stephens,uta
Jaguar,uta
Jake  Wesley Rogers,uta
Jake  Miller,uta
Jake  Shore,uta
Jamal  Roberts,uta
James  Hype,uta
James  Blake,uta
James Righton,uta
James Murphy,uta
James Vickery,uta
Jamey Johnson,uta
Jamie  MacDonald,uta
Jamie  Duggan,uta
Jamiroquai,uta
Jane  Handcock,uta
Jane  Penny,uta
Jane  Krawkowski,uta
Jasiel  Nuñez,uta
Jason  Bonham's Led Zeppelin Evening,uta
Jason  Schmidt,uta
Jason  Derulo,uta
Jason  Alexander,uta
Jasta,uta
Jawnino,uta
JAX,uta
Jay  Buchanan,uta
JAYLER,uta
Jaz  Karis,uta
Jazzy,uta
Jeezy,uta
Jeff  Goldblum & the Mildred Snitzer Orchestra,uta
Jeff  Bernat,uta
Jefferson Starship,uta
Jenna  Davis,uta
Jeremiah  Asiamah,uta
Jeremih,uta
Jeremy Enigk,uta
Jerub,uta
Jeshi,uta
Jessi,uta
Jessica  Baio,uta
Jessie  Reyez,uta
Jessie  J,uta
Jessie  Murph,uta
Jessy Lanza,uta
Jet  Trouble,uta
JET,uta
Jewel,uta
Jharrel  Jerome,uta
Jhené  Aiko,uta
Jianbo,uta
Jill  Scott,uta
Jim  Legxacy,uta
Jim  James,uta
Jimbo  the Drag Clown,uta
Jimmy  Eat World,uta
JJ  Lin,uta
Jkyl  & Hyde,uta
JMSN,uta
jo  from school,uta
JOA,uta
Joalin,uta
Joe  Armon-Jones,uta
Joe  Jonas,uta
Joey  Valence & Brae,uta
Joey Dosik,uta
John  Legend,uta
John  Eddie,uta
John  Foster,uta
John  Grant,uta
John Waters,uta
John  Carpenter,uta
John Popper,uta
John Harvie,uta
JOHN,uta
Johnny  Huynh,uta
Johnny  Jewel,uta
Johnny  Stimson,uta
Joker,uta
Jon  Batiste,uta
Jon  Bellion,uta
Jon  Casey,uta
Jon Foreman,uta
Jonah  Yano,uta
Jonah  Marais,uta
Jonas  Brothers,uta
Jools  Holland,uta
Joost  Klein,uta
Jordan Ward,uta
Jordin Sparks,uta
Jorge  Drexler,uta
Jorjiana,uta
Josef  Lamercier,uta
Josh  Levi,uta
Josh  Weathers,uta
Josh  Ramsay,uta
Joshua  Henry,uta
Joshua Bassett,uta
Joss  Stone,uta
JOYRYDE,uta
JP Saxe,uta
JSTJR,uta
Judy  Collins,uta
Juelz,uta
Juhn,uta
Julianne  Hough,uta
Juliette  Lewis,uta
Junior  Andre,uta
JUOS,uta
Justin  Jay,uta
Justine  Skye,uta
Jutes,uta
JVKE,uta
JVNA,uta
jxdn,uta
K  Motionz,uta
K+Lab,uta
Kabza  De Small,uta
Kahani,uta
Kai Wachi,uta
Kal  Banx,uta
Kamaiyah,uta
Kamasi Washington,uta
KaMillion,uta
Kanine,uta
KARD,uta
Karen  Dio,uta
Karol  G,uta
KAS:ST,uta
Kasablanca,uta
KASIA,uta
Kaskade,uta
Kat  Luna,uta
Kat  Von D,uta
Kat  Graham,uta
Katatonia,uta
Kate  Nash,uta
Katie  Melua,uta
Katie  Lynne Sharbaugh,uta
Katy  B,uta
Kavinsky,uta
Kayzo,uta
Keke  Palmer,uta
Kelela,uta
Keli  Holiday,uta
Kelis,uta
Kelly Rowland,uta
Kelsey Lu,uta
Kembe  X,uta
Kennedy  Ryon,uta
KennyHoopla,uta
Kenya  Grace,uta
Kevin  Woo,uta
Kevin  Gates,uta
Kevin Jonas,uta
Khushi,uta
Kid  Sistr,uta
Kidd  G,uta
Kids  That Fly,uta
Kiefer  Sutherland,uta
Kiefer,uta
KILIMANJARO,uta
Kill  The Noise,uta
Killing  Joke,uta
KiLLOWEN,uta
KillSing,uta
Killswitch  Engage,uta
King Crimson,uta
Kings Of The Rollers,uta
Kiran  + Nivi,uta
Klangphonics,uta
KLO,uta
Knxwledge,uta
Kompany,uta
Korolova,uta
Kotiēr,uta
Koven,uta
KREAM,uta
Kristin Chenoweth,uta
Kruder  & Dorfmeister,uta
KRUELTY,uta
Krystal  Keith,uta
Kula  Shaker,uta
Kumo  99,uta
Kunal Merchant,uta
Kurupt Fm,uta
Kwengface,uta
kwes  e,uta
Kyle  Daniel,uta
Kyle  Watson,uta
Kyle  Dion,uta
Kylie  Minogue,uta
Kyndal  Inskeep,uta
L'Impératrice,uta
L7,uta
Ladies of Leisure,uta
Lady  Shaka,uta
Laima,uta
Lakeview,uta
LANCO,uta
Lany,uta
Laredo,uta
Last  Dinosaurs,uta
Last  Hounds,uta
Last  Heroes,uta
Latto,uta
Laura  Karpman,uta
Lauren  Duffus,uta
Lawrence,uta
Lay  Bankz,uta
Layz,uta
LAZER  DIM 700,uta
LCD  Soundsystem,uta
Le Boom,uta
Lecrae,uta
Lee  Brady,uta
Leif  Vollebekk,uta
Leigh-Anne,uta
Leisure,uta
Lelo,uta
Lemar,uta
Leningrad,uta
Lens,uta
Leo  Waters,uta
Leon III,uta
LÉON,uta
Leona  Lewis,uta
Let's Eat Grandma,uta
Lethal  Bizzle,uta
Letoya  Luckett,uta
Level 42,uta
Leven  Kali,uta
Levi,uta
Lewis OfMan,uta
Lex Amor,uta
Lexa  Gates,uta
LG  Malique,uta
Liam  Cormier,uta
Libianca,uta
Light  the Torch,uta
Lihtz,uta
Liily,uta
Lil  Man J,uta
Lil  Wayne,uta
Lil Dicky,uta
Lil  Texas,uta
Lil Nas X,uta
Lilly  Palmer,uta
Lily  Meola,uta
Lisa  Scott Lee,uta
Lisa Stansfield,uta
Lit,uta
Little  Dume,uta
Lizzo,uta
LNY  TNZ,uta
Local  Natives,uta
Loe  Shimmy,uta
Logan  Michael,uta
Logan,uta
Lord  Apex,uta
Loren  Kramar,uta
Loren  Allred,uta
LØREN,uta
Louie Thesinger,uta
Louis  Bekk,uta
Lous and The Yakuza,uta
Love  Remain,uta
LoveLeo,uta
Low  Island,uta
Lowlives,uta
LSDREAM,uta
LSZEE,uta
Lu.Re,uta
Lucifena,uta
LUCKI,uta
Lucky  Love,uta
Lucy  Guo,uta
Lucy  McWilliams,uta
Ludacris,uta
Luke  Alexander,uta
Luke  Dean,uta
Lunice,uta
Lupe Fiasco,uta
LUSU,uta
Lute,uta
Luude,uta
Lynda  Dawn,uta
LYNY,uta
Lynyrd Skynyrd,uta
LYVIA,uta
LYZZA,uta
M Huncho,uta
M.I.A.,uta
Mac  McAnally,uta
Macky  Gee,uta
Macy  Gray,uta
Mad Tsai,uta
Madden  Metcalf,uta
Maddix,uta
Madelline,uta
Magnolia Park,uta
Magnus  Ferrell,uta
Maiya  Blaney,uta
Maiya  The Don,uta
Major  Lazer,uta
Maleigh  Zan,uta
Malice  K,uta
Mammoth,uta
Mansionz,uta
Marc  Rebillet,uta
Marc  Almond,uta
Marc  Scibilia,uta
Marcel  Dettmann,uta
Marcin,uta
Marco  Strous,uta
Marianas  Trench,uta
Marie  Vaunt,uta
Marie  Davidson,uta
Maris,uta
Mark  Morton,uta
Mark  Owen,uta
Marqus Clae,uta
Marshall  Gilmour Webbs,uta
Martelo,uta
Marti  Pellow,uta
Marty Stuart,uta
maryjo,uta
Masego,uta
Masicka,uta
Masked  Republic,uta
Mason  Ramsey,uta
Massive  Attack,uta
Matt  Maltese,uta
Matt  Hansen,uta
Mattie  Pruitt,uta
Mattilo,uta
Max  Dean,uta
Max Raabe & Palast Orchester,uta
Max Styler,uta
Maxo,uta
Maya  Delilah,uta
Mechatok,uta
Meet  Me @ the Altar,uta
Meg & Dia,uta
Megadeth,uta
Megan  Moroney,uta
Megra,uta
Melt,uta
MEMBA,uta
Memphis  May Fire,uta
Menudo,uta
Messie,uta
Mesto,uta
Metronomy,uta
Meute,uta
MF Doom,uta
MGNA  Crrrta,uta
MHD,uta
Mia  Koden,uta
Mia Gladstone,uta
Michael  Feinstein,uta
Michael  Franti & Spearhead,uta
Michael  Franti Trio,uta
Michael Aldag,uta
Michael Brun,uta
Michaela  Jaé,uta
Michelle  Williams,uta
Michigan  Rattlers,uta
Mickman,uta
Middle Distance,uta
Midland,uta
Midnight  Generation,uta
Midnight  Tyrannosaurus,uta
Midnight Kids,uta
Miike  Snow,uta
Mike  WiLL Made-It,uta
Mike  Posner,uta
Mike  D,uta
Mike Eli,uta
Mild Orange,uta
Mildlife,uta
Miles  Minnick,uta
Miles  Mosley,uta
Miley  Serious,uta
Milion,uta
Milky Chance,uta
Millencolin,uta
Mills,uta
Mind  Enterprises,uta
MISH,uta
Miso  Extra,uta
MitiS,uta
Mnelia,uta
Moby  (DJ Set)x,uta
Modera,uta
Moderat,uta
Modeselektor,uta
Modestep,uta
Mojave  Grey,uta
Moksi,uta
Molchat  Doma,uta
Molly  Grace,uta
Mon  Laferte,uta
Monaleo,uta
Mondo  Cozmo,uta
Monét  X Change,uta
Moody  Good,uta
Moody Joody,uta
Moonchild,uta
Mora Prokaza,uta
Morad,uta
Morgan  Seatree,uta
Moritz Hofbauer,uta
MORTEN,uta
Mosaic  MSC,uta
Moses  Sumney,uta
Moses  Yoofee Trio,uta
Mothica,uta
Mozey,uta
Mr  Eazi,uta
Mr.  Fantasy,uta
Ms  Dynamite,uta
Ms Banks,uta
Muerte,uta
Museum of Love,uta
Mwanje,uta
Mya,uta
Myles  Frost,uta
Myles Kennedy,uta
Mystic  Marley,uta
N-Dubz,uta
Nai  Palm,uta
Naïka,uta
Name That Tune – Live!,uta
Nami,uta
Nancy and Beth,uta
Nanna,uta
Nardo  Wick,uta
Natalia  Lafourcade,uta
Nathan  Dawe,uta
NAV,uta
Ned  LeDoux,uta
Nell Mescal,uta
Neon  Indian,uta
Nero,uta
Netsky,uta
Nevaeh Jolie,uta
Never Dull,uta
Nevertel,uta
NGHTMRE,uta
Nia  Archives,uta
Nia  Sultana,uta
Nick  Folwarczny,uta
Nick  Jonas,uta
Nicki  Minaj,uta
Nicky Romero,uta
Nico  de Andrea,uta
Nicolas  Julian,uta
Nicole  Atkins,uta
Nicôle Lecky,uta
Night  Tapes,uta
Night Tales,uta
Nightly,uta
Nightmares on Wax,uta
NIIKO X SWAE,uta
"Nikita,  The Wicked",uta
Nimda,uta
nimino,uta
Nina  Cobham,uta
Nine  Vicious,uta
Niontay,uta
Nissi,uta
Noa  Kirel,uta
Noah  Levine,uta
Noah  Guy,uta
Noga  Erez,uta
Noizu,uta
Noname,uta
Not  for Radio,uta
Not  Enough Space,uta
Notion,uta
Nouvelle Vague,uta
Nova  Twins,uta
November  Ultra,uta
"Now,  Now",uta
NTO,uta
Nu  Genea,uta
NURKO,uta
NxWorries,uta
Obed  Padilla,uta
Obituary,uta
Ocean  Alley,uta
Ocean Wisdom,uta
Oden  & Fatzo,uta
Odetari,uta
ODIE,uta
Of  Monsters and Men,uta
Of  Mice & Men,uta
Ogi,uta
Oh  He Dead,uta
Ohthatsmizz,uta
Oliver  Francis,uta
Oliver Heldens,uta
Olympe,uta
Omar  Courtz,uta
Omen,uta
OOTORO,uta
Opeth,uta
Oppidan,uta
Orbit  Culture,uta
Oreglo,uta
Orlando,uta
OsamaSon,uta
Oscar Jerome,uta
OT7  Quanny,uta
Otha,uta
Otherwish,uta
Our  Lady Peace,uta
overtonight,uta
Ovrkast.,uta
Oxlade,uta
Ozomatli,uta
P  Montana,uta
P-Rallel,uta
P1Harmony,uta
Pa  Salieu,uta
Pacifica,uta
Palace,uta
Panteros666,uta
Paper Skies,uta
Paperwater,uta
Parachute,uta
Paramore,uta
Parcels,uta
Paris Hilton,uta
Parov  Stelar,uta
PARTYNEXTDOOR,uta
Pat  Barrett,uta
Patrick Martin,uta
Paul Van Dyk,uta
Paula  Abdul,uta
Pauline  Herr,uta
Payton  Sullivan,uta
Peach  Tree Rascals,uta
Peaches,uta
Peekaboo,uta
People Museum,uta
Perceval,uta
Perel,uta
Pest  Control,uta
Peter  Murphy,uta
Peter Frampton,uta
Peter Manos,uta
Phantom  Planet,uta
Phil  Wickham,uta
Phillip Phillips,uta
Phillipa  Soo,uta
phonon,uta
Phrva,uta
Pink Floyd,uta
Pissed  Jeans,uta
Pixie  Lott,uta
PlaqueBoyMax,uta
Plastique Tiara,uta
Polo  & Pan,uta
Pom  Pom Squad,uta
Pomme,uta
Pool  Kids,uta
Poolside,uta
Pop Evil,uta
Popof,uta
Porcupine Tree,uta
Porij,uta
Poté,uta
Prada2000,uta
Presley  Jean Cross,uta
Pretty  Girl,uta
Prima  Queen,uta
Princess  Nokia,uta
Prosecute,uta
PSY,uta
Psychedelic Porn Crumpets,uta
Public  Enemy,uta
Pug  Johnson,uta
PUNCHBAG,uta
Pussy  Riot,uta
Qing Madi,uta
Quavo,uta
Queen Latifah,uta
Quiet  Light,uta
quinnie,uta
Quintino,uta
QWER,uta
Ra  Ra Riot,uta
Rachel  Platten,uta
Rae  Sremmurd,uta
Rae  Khalil,uta
Rafael,uta
Raffaella,uta
Rauw  Alejandro,uta
Ray  Volpe,uta
Reaper,uta
Rebecca  Black,uta
redveil,uta
Reel  Big Fish,uta
Rei Ami,uta
Relient  K,uta
Remedy  Club,uta
Remember  Monday,uta
Renée  Elise Goldsberry,uta
REO Speedwagon,uta
Restricted,uta
Rexx Life Raj,uta
Ricky  Manning,uta
Rimon,uta
Rinzen,uta
RIOPY,uta
Riot  Ten,uta
RIP  Magic,uta
Rita  Ora,uta
RiTchie,uta
Rival  Sons,uta
RJ  Pasin,uta
Robert Fripp,uta
Robert Glasper,uta
Robyn,uta
Rocco,uta
Rodrigo y Gabriela,uta
Romance  Planet,uta
Rome  and Duddy,uta
ROME,uta
Romeo  Santos,uta
Rommii,uta
Rooney,uta
ROSALÍA,uta
Rose  Betts,uta
ROSIE,uta
Ross  Quinn,uta
Ross Copperman,uta
Rova,uta
Roy  Woods,uta
Royal  & The Serpent,uta
Royale  Lynn,uta
RUBII,uta
Rufus  Wainwright,uta
Rush,uta
Russ,uta
Ruston  Kelly,uta
RUZE,uta
Ryan Charles,uta
Ryan Trey,uta
Ryan  Destiny,uta
Sabrina  Sterling,uta
Sabrina  Claudio,uta
sace6,uta
Said The Sky,uta
Saint  Ludo,uta
Sainté,uta
salem  ilese,uta
Sam  Alfred,uta
Sam  Rivera,uta
Sam  Wise,uta
Sam  Nelson Harris,uta
Sam Tompkins,uta
Sam Divine,uta
Sam MacPherson,uta
Samantha  Smith,uta
Sammy  Virji,uta
Sammy Hagar & The Circle,uta
Sampa  the Great,uta
Sampha,uta
Samplifire,uta
Sandhouse,uta
Santigold,uta
Sasha  Velour,uta
Savage  Master,uta
Saweetie,uta
Scary  Pockets,uta
Schrotthagen,uta
Scorpion  Kings,uta
Scott Bradlee's Postmodern Jukebox,uta
Scotty  Emerick,uta
Script,uta
Sebastian  Yatra,uta
Sebastien  Tellier,uta
Seether,uta
Selfish  Sons,uta
Serum,uta
Set Mo,uta
Seth  David,uta
Seu  Jorge,uta
Sevdaliza,uta
SG  Lewis,uta
Shaun  Ross,uta
Shaun  Cassidy,uta
Shenseea,uta
SHERIE,uta
Shima,uta
Shiverz,uta
Shlohmo,uta
Showtek,uta
SHURA,uta
Shygirl,uta
Sicaria,uta
SIDEQUEST,uta
Sidewalks  and Skeletons,uta
Sigma,uta
Sigrid,uta
Silk  City,uta
SILK,uta
Silly Goose,uta
Silvana  Estrada,uta
SiM,uta
Simon  McBride,uta
Simon  & Garfunkel,uta
Simula,uta
Sir Spyro,uta
Six60,uta
SKAAR,uta
skaiwater,uta
Skellytn,uta
Skepsis,uta
Skid Row,uta
Skilah,uta
Skrapz,uta
Skullcrusher,uta
Skyla  Tylaa,uta
SLAMM,uta
Slater  Nalley,uta
Slay,uta
Sleep  Theory,uta
Slew,uta
Slim  Jxmmi,uta
SLVL,uta
Smallpools,uta
Smino,uta
Smokey  Bubblin' B,uta
Snarky Puppy,uta
Snoh  Aalegra,uta
snuggle,uta
So You Think You Can Dance,uta
SOAP,uta
Social  House,uta
SoDown,uta
SoFaygo,uta
Sofia  Kourtesis,uta
Sofia  Wylie,uta
Sofiya  Nzau,uta
Soft  Play,uta
Soft Cell,uta
Sol  ChYld,uta
Solange,uta
Solardo,uta
Solon  Holt,uta
sombr,uta
Sons of Legion,uta
Sons Of The East,uta
Sophie  Cates,uta
Sophie  Castillo,uta
Sorcha  Richardson,uta
SOSA,uta
Sosocamo,uta
Soulwax,uta
Southern  Avenue,uta
southstar,uta
Space  92,uta
Space Laces,uta
Spencer Sutherland,uta
Spin  Doctors,uta
Spoon,uta
Squeeze,uta
SRSQ,uta
st. Pedro,uta
St.  Vincent,uta
Stacey Ryan,uta
Stafford Brothers,uta
Stalking Gia,uta
Starcrawler,uta
Starset,uta
Status Quo,uta
Steel  Beans,uta
Steel Panther,uta
Steinza,uta
Steller,uta
Stephen  Wilson Jr.,uta
Steps,uta
Sterling  Elza,uta
Steve  Lacy,uta
Steve  Stamp,uta
Steve  Earle,uta
Steven  Wilson,uta
Steven  Pasquale,uta
Stoned Level,uta
Stromaé,uta
STÜM,uta
Sturdyyoungin,uta
Sub Focus,uta
Sublime with Rome,uta
Sullivan  King,uta
Sultan + Shepard,uta
Summer  School Tour,uta
Summer  Walker,uta
Sunday  Scaries,uta
Sunn  O))),uta
Sunnery  James & Ryan Marciano,uta
Sunny  Day Real Estate,uta
Surfaces,uta
Susanne Sundfør,uta
Svdden  Death,uta
Swae  Lee,uta
SwaVay,uta
Swimming Paul,uta
Switch  Disco,uta
Switchfoot,uta
Syd,uta
Sydnie  Christmas,uta
Sylosis,uta
Symba,uta
SZN4,uta
t  e s t p r e s s,uta
T.I.,uta
T78,uta
TAAHLIAH,uta
TAELA,uta
Take  That,uta
Tanerélle,uta
Tank,uta
Tash  LC,uta
TASKA  BLACK,uta
Taylor  Dayne,uta
Taylor Bennett,uta
Taylor  Acorn,uta
Teeks,uta
Teen  Jesus and the Jean Teasers,uta
Teenage  Dads,uta
Teezo  Touchdown,uta
TENDER,uta
Terrace  Martin,uta
Terrian,uta
Tessa  Violet,uta
That  Hallmark Movie: The Musical,uta
The  Avener,uta
The Woods,uta
The  Human League,uta
The  Internet,uta
The  Resistance,uta
The  George Michael Singers,uta
The  Billy Joel Legacy,uta
The  All-American Rejects,uta
The  Go-Go's,uta
The  Mowgli's,uta
The  Amazons,uta
The  Dandy Warhols,uta
The  Kid LAROI,uta
The  Dip,uta
"The  Army, The Navy",uta
The  Backfires,uta
The  Two Lips,uta
The  Jack Wharff Band,uta
The  Baboon Show,uta
The  Underachievers,uta
The  Marshall Tucker Band,uta
The  Fray,uta
The  Thing,uta
The  Sword,uta
The  502s,uta
The  Retrograde,uta
The  Skints,uta
The  Philharmonik,uta
The  Jungle Giants,uta
The  Blood Brothers,uta
The  Glorious Sons,uta
The  Damned,uta
The  Band Feel,uta
The  Dare,uta
The  Dirty Nil,uta
The  Marías,uta
The Outlaws,uta
The  Chemical Brothers,uta
The  Oh Hellos,uta
The  Funk Hunters,uta
The  Jordan,uta
The  Headlines,uta
The  Cavemen.,uta
The  Whitest Boy Alive,uta
The Lacs,uta
The  Jaded Hearts Club,uta
The Sounds,uta
The Drums,uta
THE  DARK,uta
THE  DRIVER ERA,uta
The Australian Pink Floyd Show,uta
The Bacon Brothers,uta
The Brook & The Bluff,uta
The Clairvoyants,uta
The Ghost Inside,uta
The Kount,uta
The Lathums,uta
The Luka State,uta
The Pretty Reckless,uta
thebandfriday,uta
theboyshadow,uta
Theo  Katzman,uta
Thomas  Edwards,uta
Thomas  Day,uta
Those  Damn Crows,uta
Thunder Jackson,uta
ThxSoMch,uta
Thys,uta
Tierra Whack,uta
Tiffany Day,uta
Tim  Montana,uta
Tim  Foust,uta
Timecop1983,uta
Times  of Grace,uta
Timmy Trumpet,uta
Tinariwen,uta
Tinashe,uta
Tink,uta
Tita  Lau,uta
Tiwa Savage,uta
TLC,uta
TOBEHONEST,uta
Tohji,uta
Tokischa,uta
Tokyo Machine,uta
Tom  Did It,uta
Tomas  Grey,uta
Tommy  Phillips,uta
Tommy  WÁ,uta
Tones  and I,uta
Toni  Braxton,uta
TOPS,uta
Tori  Kelly,uta
Tough  Cookie,uta
Travie  McCoy,uta
Treanne,uta
Tremonti,uta
Trevor  Spitta,uta
Trey  Makai,uta
Tripolism,uta
Trippie  Redd,uta
Trivecta,uta
Trixie  Mattel,uta
Trout,uta
Tsu Nami,uta
Tunde  Adebimpe,uta
Turbowolf,uta
Turbulences,uta
Turno,uta
TV  On The Radio,uta
Two Shell,uta
Tyler Cole,uta
UB40,uta
Underside,uta
Underworld,uta
Unflirt,uta
Unknown  T,uta
Unpeople,uta
untitled  (halo),uta
Unto  Others,uta
urika's  bedroom,uta
Usaybflow,uta
USH,uta
Usted  Señalemelo,uta
Valley  Flower,uta
Van  Damn,uta
Vandelux,uta
Vanessa  Williams,uta
Vanessa Paradis,uta
VAVO,uta
VEIL  OF MAYA,uta
Venbee,uta
Vendredi  Sur Mer,uta
Vibe  Chemistry,uta
Victor  Lou,uta
Victoria Justice,uta
Video Nasties,uta
Vieze  Asbak,uta
Vini  Vici,uta
Vio-Lence,uta
Violet Chachki,uta
Viperactive,uta
ViRG,uta
VITA,uta
Void  of Vision,uta
Voltage,uta
VTSS,uta
Wade  MacNeil,uta
Wage  War,uta
Wajatta,uta
Warface,uta
Warmduscher,uta
Warren  G,uta
Watsky,uta
Wax  Motif,uta
Wells  Ferrari,uta
Wes  Nelson,uta
Wes  Mills,uta
Wesley Joseph,uta
Weston  Loney,uta
WHATMORE,uta
Wheel of Fortune Live!,uta
Wheeler Walker Jr.,uta
While  She Sleeps,uta
Wilkinson,uta
Will  Dempsey,uta
Will  Swinton,uta
Will  Moseley,uta
Will  Sparks,uta
Will Anderson,uta
Will Linley,uta
will.i.am,uta
William Black,uta
William Prince,uta
Willow,uta
Willow  Avalon,uta
Willow  Kayne,uta
wilt,uta
Wizkid,uta
WizTheMc,uta
Woodkid,uta
Wooli,uta
Wuki,uta
X  Ambassadors,uta
X,uta
Xdinary  Heroes,uta
yaego,uta
Yaeji,uta
Yaelokre,uta
Yakiyn,uta
Yamê,uta
Yann Tiersen,uta
YaSi,uta
Yasmin  Williams,uta
Yaz,uta
YDG,uta
YehMe2,uta
Yelawolf,uta
Yelle,uta
Yellow Claw,uta
YENDRY,uta
yeule,uta
YG,uta
Yosuf,uta
You  Me At Six,uta
Young  the Giant,uta
Young Thug,uta
Youngr,uta
Your  Old Droog,uta
Yseult,uta
Yuna,uta
yunè pinku,uta
Yves  Tumor,uta
yvm3,uta
Zac  Farro,uta
Zaho  De Sagazan,uta
Zandi  Holup,uta
ZAYN,uta
Zaz,uta
Zebrahead,uta
Zelooperz,uta
Zerb,uta
ZHU,uta
Zimmer90,uta
Zingara,uta
Zlata,uta
Zoey808,uta
Zolita,uta
Zomboy,uta
Zzz.,uta
