artist,agency
Adam Beyer,wme
Adam Beyer & Cirez D,wme
Adam Ten,wme
Ahmed Spins,wme
Air,wme
Alex Frankel,wme
Alexis Taylor,wme
Aloe Blacc,wme
ALOK,wme
Amelie Lens,wme
AMEME,wme
ANFISA LETYAGO,wme
Argy,wme
ARTBAT,wme
The Avalanches,wme
Baby J,wme
Baynk,wme
Bedouin,wme
Bizarrap,wme
Bjork,wme
Blaqk Audio,wme
Boris Brejcha,wme
BRONSON,wme
CamelPhat,wme
Carlita,wme
Charlotte Adigery & Bolis Pupul,wme
Chase & Status,wme
Chet Faker,wme
CID,wme
Cirez D,wme
Clams Casino,wme
Claptone,wme
Cobrah,wme
Coco & Breezy,wme
Cole Knight,wme
Cool Customer,wme
Cornetto,wme
Dam Funk,wme
Damian Lazarus,wme
Danny L Harle,wme
DIØN,wme
DJ Cassidy,wme
Django Django,wme
Don Diablo,wme
Don Woezik,wme
DRINKURWATER,wme
Ellen Allien,wme
Empire Of the Sun,wme
ESTA,wme
Ewan McVicar,wme
Fatboy Slim,wme
FJAAK,wme
Forester,wme
Frank Walker,wme
Future Utopia,wme
Galantis,wme
George Riley,wme
Golden Features,wme
Groove Armada,wme
Gryffin,wme
Hank Korsan,wme
The Hellp,wme
Holy Ghost!,wme
Honeyluv,wme
Hot Chip,wme
Hot Since 82,wme
ICYKOF,wme
Innellea,wme
Jacques Greene,wme
Jacques Lu Cont,wme
Jagwar Ma,wme
James Blake,wme
James Murphy,wme
Jamie Jones,wme
Jessica Audiffred,wme
Jockstrap,wme
Joe Goddard,wme
Johannes Brecht,wme
John Glacier,wme
Jonas Blue,wme
Joris Voorn,wme
Joyhauser,wme
Julian Jordan,wme
Justice,wme
Kaivon,wme
Kaz James,wme
Kygo,wme
Laszewo,wme
Layla Benitez,wme
LCD Soundsystem,wme
Leftfield,wme
Lenny Pearce,wme
Leon Vynehall,wme
Les Rythmes Digitales,wme
Lindsey Stirling,wme
Logic1000,wme
LOST FREQUENCIES,wme
LOST SOULS OF SATURN,wme
LP Giobbi,wme
Lucas & Steve,wme
Luch,wme
LUCI,wme
Maddy O'Neal,wme
Madeon,wme
Mako,wme
Martin Garrix,wme
The Martinez Brothers,wme
Mary Droppinz,wme
Massano,wme
Matoma,wme
MAY,wme
Maya Jane Coles,wme
me n u,wme
Mia Kirkland,wme
Michael Bibi,wme
mike.,wme
Milo Spykers,wme
Mina Galan,wme
Mind Against,wme
Miss Monique,wme
MK,wme
Mochakk,wme
Monochrome,wme
Mount Kimbie,wme
MPH,wme
MUST DIE!,wme
The Naked and Famous,wme
Nick Murphy,wme
Nikola Melnikov,wme
NOVAH,wme
OGUZ,wme
Party Shirt,wme
Patrick Mason,wme
Peace Control,wme
Pedro Sampaio,wme
Peggy Gou,wme
Pet Shop Boys,wme
Pete Tong,wme
Pete Tong Ibiza Classics,wme
Plastikman,wme
Polo & Pan,wme
Porter Robinson,wme
RemK,wme
Reyna Tropical,wme
Richie Hawtin,wme
RIVO,wme
Rochelle Jordan,wme
Rudimental,wme
Sad Night Dynamite,wme
Sam Feldt,wme
Santigold,wme
Sara Landry,wme
Sassy 009,wme
SAULT,wme
Seth Troxler,wme
Shlømo,wme
Shygirl,wme
Sita Abellan,wme
Solomun,wme
St. Lucia,wme
Steve Aoki,wme
Stryv,wme
SYREETA,wme
TAINY,wme
TELYKAST,wme
Thomas Jack,wme
TOKiMONSTA,wme
Tom Saint,wme
Tourist,wme
Tycho,wme
Vesperteen,wme
Vintage Culture,wme
Virtual Self,wme
Washed Out,wme
Watch the Duck,wme
Xandra,wme
YAMAGUCCI,wme
Yotto,wme
ZHU,wme